Shipment_ID,Origin,Destination,Distance_Miles,Weight_Lbs,Transport_Mode,Carrier,Lead_Time_Days,Fuel_Surcharge_Rate,Is_Urgent,Actual_Price_USD,Predicted_Price_USD
SHP100000,Houston,Miami,1691.0,10752.0,Truckload,UPS,9,0.19,0,4830.69,4845.673100000003
SHP100001,Atlanta,Houston,1798.0,8478.0,Truckload,USPS,13,0.36,0,4811.85,4907.806099999999
SHP100002,Los Angeles,Houston,2218.0,9386.0,LTL,FedEx,6,0.27,0,4142.41,4187.379199999995
SHP100003,Atlanta,Chicago,1731.0,14891.0,LTL,USPS,6,0.3,0,3884.64,3835.219700000007
SHP100004,Atlanta,Los Angeles,2371.0,3303.0,Truckload,FedEx,4,0.42,1,5953.21,5853.407400000004
SHP100005,New York,Houston,2037.0,7470.0,LTL,DHL Express,4,0.42,0,3531.48,3583.2183999999993
SHP100006,Los Angeles,Miami,2199.0,7007.0,Air Freight,USPS,5,0.4,0,8646.42,8658.518500000004
SHP100007,Los Angeles,Atlanta,2398.0,816.0,Air Freight,FedEx,3,0.3,0,8189.79,8387.852500000006
SHP100008,Los Angeles,New York,2488.0,2731.0,Truckload,UPS,1,0.37,0,5788.21,5682.587800000003
SHP100009,Atlanta,Houston,1739.0,7760.0,LTL,DHL Express,1,0.3,0,3300.64,3370.454600000005
SHP100010,Houston,Atlanta,1843.0,7532.0,LTL,UPS,12,0.41,0,3385.99,3419.387599999999
SHP100011,Los Angeles,Houston,2285.0,5136.0,LTL,DHL Express,13,0.27,0,3896.18,3892.2908999999963
SHP100012,Miami,Houston,1653.0,8014.0,Truckload,USPS,7,0.44,0,4443.89,4518.658200000006
SHP100013,Atlanta,Chicago,1975.0,2715.0,Truckload,USPS,1,0.43,0,4626.14,4637.413800000007
SHP100014,New York,Houston,1934.0,10001.0,Air Freight,DHL Express,1,0.37,0,8508.0,8366.836800000001
SHP100015,Houston,Chicago,1778.0,7470.0,LTL,DHL Express,3,0.23,0,3862.22,3663.885799999996
SHP100016,Miami,New York,1848.0,14617.0,Air Freight,DHL Express,10,0.19,1,9452.12,9236.729299999999
SHP100017,Miami,Los Angeles,2039.0,11733.0,Air Freight,USPS,4,0.41,1,9738.35,9629.548199999988
SHP100018,New York,Los Angeles,2569.0,11057.0,LTL,FedEx,4,0.2,1,5170.04,5075.823599999994
SHP100019,Houston,Los Angeles,2386.0,3563.0,Air Freight,UPS,2,0.41,0,8777.44,8743.139599999984
SHP100020,Atlanta,Miami,1620.0,545.0,LTL,UPS,1,0.3,0,2574.53,2571.3528
SHP100021,Chicago,Atlanta,1935.0,13385.0,LTL,USPS,3,0.27,0,4090.49,4043.397699999996
SHP100022,Houston,Miami,1622.0,11422.0,Truckload,UPS,11,0.42,0,4885.09,4960.751200000006
SHP100023,New York,Los Angeles,2567.0,5872.0,LTL,DHL Express,4,0.33,0,4468.34,4320.235599999995
SHP100024,Miami,Houston,1707.0,14887.0,Truckload,FedEx,3,0.32,0,5400.07,5388.901700000001
SHP100025,Atlanta,Los Angeles,2398.0,12172.0,Truckload,UPS,8,0.32,0,6371.24,6463.852300000003
SHP100026,Houston,Atlanta,1942.0,2122.0,Truckload,FedEx,10,0.26,0,4355.78,4407.610500000007
SHP100027,Chicago,New York,2086.0,14673.0,LTL,DHL Express,1,0.39,1,4752.33,4659.468300000002
SHP100028,Chicago,Atlanta,1819.0,7845.0,Truckload,UPS,2,0.23,0,4819.96,4788.672000000008
SHP100029,Los Angeles,Chicago,2439.0,8579.0,Truckload,USPS,13,0.43,1,6632.96,6337.120900000001
SHP100030,Los Angeles,Atlanta,2445.0,3999.0,Truckload,FedEx,7,0.42,0,5740.19,5706.2881
SHP100031,New York,Chicago,1875.0,6083.0,LTL,DHL Express,4,0.25,0,3442.74,3428.002699999996
SHP100032,Houston,New York,1921.0,11350.0,LTL,FedEx,8,0.37,0,3869.72,3869.143299999994
SHP100033,Houston,Miami,1935.0,7470.0,Truckload,UPS,11,0.32,0,4431.46,4546.477800000005
SHP100034,Miami,Los Angeles,1935.0,8378.0,LTL,UPS,13,0.25,1,4048.13,4032.6912000000034
SHP100035,Miami,Houston,1612.0,2605.0,Truckload,USPS,3,0.45,1,4372.02,4330.691700000001
SHP100036,Miami,Atlanta,1633.0,6420.0,Truckload,DHL Express,6,0.16,0,4287.62,4250.360899999997
SHP100037,Los Angeles,Houston,2210.0,4465.0,Truckload,DHL Express,9,0.23,0,5201.03,5368.000800000012
SHP100038,Houston,Los Angeles,1935.0,6009.0,Truckload,USPS,1,0.31,1,6322.0,5940.999699999999
SHP100039,Houston,Chicago,1894.0,9157.0,Air Freight,USPS,1,0.31,0,8044.16,8088.522000000002
SHP100040,Chicago,Los Angeles,2212.0,13543.0,Air Freight,DHL Express,8,0.33,1,10573.87,10309.105499999996
SHP100041,Los Angeles,New York,2509.0,6043.0,Air Freight,FedEx,3,0.38,0,9525.78,9369.533400000011
SHP100042,Atlanta,Miami,1536.0,14471.0,Air Freight,FedEx,5,0.34,0,7891.11,7916.043699999993
SHP100043,Los Angeles,New York,2424.0,11780.0,LTL,USPS,1,0.33,0,4725.26,4689.642600000005
SHP100044,Atlanta,Houston,1935.0,5071.0,LTL,FedEx,5,0.17,0,3089.48,3283.3021999999987
SHP100045,Chicago,Los Angeles,2329.0,7470.0,Truckload,DHL Express,11,0.26,0,6027.97,5803.204199999994
SHP100046,New York,Miami,1817.0,2957.0,LTL,UPS,6,0.22,0,3073.12,3059.7353
SHP100047,Houston,New York,1904.0,2964.0,LTL,UPS,8,0.23,0,3187.89,3155.708600000007
SHP100048,Chicago,Atlanta,1964.0,13596.0,LTL,FedEx,13,0.32,0,3997.1,3999.4149999999954
SHP100049,Houston,Chicago,1878.0,10224.0,Truckload,USPS,3,0.21,0,5205.06,5206.324299999997
SHP100050,Miami,Atlanta,1555.0,3920.0,Truckload,USPS,3,0.24,0,3780.33,3860.5986999999986
SHP100051,New York,Chicago,2031.0,12770.0,Truckload,USPS,12,0.22,0,5710.86,5695.394999999992
SHP100052,New York,Chicago,2004.0,11809.0,Truckload,USPS,11,0.43,0,5603.5,5595.003799999998
SHP100053,Chicago,New York,2015.0,9240.0,Air Freight,USPS,11,0.43,0,8488.71,8442.805799999993
SHP100054,New York,Houston,1939.0,10389.0,LTL,FedEx,10,0.33,1,4163.93,4100.0269
SHP100055,Atlanta,Los Angeles,2395.0,5135.0,Air Freight,UPS,9,0.43,1,9676.16,9340.409899999997
SHP100056,New York,Chicago,1911.0,12936.0,LTL,UPS,4,0.39,0,4053.43,4007.3250999999977
SHP100057,Houston,Miami,1591.0,7470.0,Air Freight,FedEx,4,0.33,0,6602.86,6718.235799999992
SHP100058,Houston,Atlanta,1903.0,445.0,Truckload,USPS,12,0.15,1,4585.79,4732.731699999994
SHP100059,Houston,Atlanta,1946.0,11840.0,LTL,FedEx,7,0.38,1,4273.27,4257.123299999998
SHP100060,Houston,New York,1988.0,12752.0,LTL,UPS,2,0.36,0,4098.3,4038.1697999999965
SHP100061,Atlanta,Miami,1689.0,988.0,LTL,DHL Express,8,0.33,0,2726.78,2717.124599999999
SHP100062,Los Angeles,Houston,2217.0,9878.0,LTL,FedEx,6,0.38,0,4224.36,4244.548199999993
SHP100063,Miami,Chicago,1586.0,10966.0,LTL,USPS,3,0.3,0,3432.14,3360.2164000000002
SHP100064,Chicago,Los Angeles,2326.0,7470.0,Truckload,UPS,9,0.36,0,5252.6,5513.938599999991
SHP100065,Houston,Atlanta,1928.0,4686.0,Truckload,UPS,5,0.43,0,4747.86,4742.359299999994
SHP100066,New York,Houston,1913.0,1699.0,Truckload,UPS,8,0.26,1,4770.78,4864.659399999999
SHP100067,Houston,Los Angeles,2439.0,3740.0,Air Freight,UPS,7,0.36,1,9628.24,9351.72189999999
SHP100068,New York,Chicago,1870.0,14283.0,Truckload,USPS,8,0.29,0,5650.77,5613.771200000005
SHP100069,Miami,Houston,1689.0,3485.0,Truckload,DHL Express,7,0.35,0,4073.57,4058.353700000003
SHP100070,Miami,Atlanta,1604.0,3251.0,LTL,UPS,3,0.38,0,2715.71,2857.7494000000006
SHP100071,Miami,Los Angeles,2215.0,4229.0,Truckload,FedEx,2,0.16,1,5715.81,5710.772500000001
SHP100072,New York,Chicago,2040.0,12608.0,LTL,DHL Express,7,0.34,0,4166.05,4047.858099999997
SHP100073,Houston,Miami,1574.0,10533.0,Air Freight,UPS,3,0.22,0,7238.06,7356.784600000009
SHP100074,Miami,Houston,1681.0,12725.0,Air Freight,DHL Express,3,0.35,0,7995.19,7955.751599999988
SHP100075,Atlanta,Los Angeles,2457.0,8455.0,Truckload,FedEx,2,0.29,0,6278.28,6073.224800000007
SHP100076,New York,Miami,1629.0,3287.0,LTL,UPS,4,0.38,0,2853.13,2873.8593000000005
SHP100077,New York,Miami,1617.0,3912.0,Air Freight,FedEx,8,0.19,0,6162.03,6221.872900000009
SHP100078,Houston,Miami,1547.0,108.0,Truckload,USPS,12,0.34,0,3322.54,3626.8669999999984
SHP100079,New York,Houston,1935.0,13963.0,LTL,UPS,1,0.23,1,4368.81,4369.495599999998
SHP100080,New York,Houston,1880.0,11172.0,LTL,UPS,1,0.41,1,4255.38,4220.699200000001
SHP100081,Miami,New York,1851.0,4988.0,Truckload,UPS,12,0.43,1,5058.78,5058.452300000008
SHP100082,Houston,Atlanta,1978.0,3021.0,LTL,UPS,5,0.45,0,3300.0,3287.3892000000005
SHP100083,Miami,Chicago,1582.0,9769.0,Air Freight,USPS,11,0.39,0,7169.46,7261.244499999998
SHP100084,Miami,Atlanta,1729.0,14067.0,LTL,UPS,5,0.38,0,3796.76,3778.123300000004
SHP100085,Houston,New York,1858.0,8364.0,LTL,DHL Express,11,0.21,1,3917.76,3897.727500000004
SHP100086,Chicago,New York,1935.0,11961.0,Air Freight,UPS,12,0.25,0,8420.17,8719.601100000002
SHP100087,Miami,New York,1703.0,9678.0,LTL,USPS,1,0.29,0,3425.59,3420.4340000000025
SHP100088,Atlanta,Los Angeles,2363.0,9404.0,Truckload,UPS,6,0.38,0,6096.25,6111.628200000003
SHP100089,Atlanta,Miami,1627.0,11542.0,LTL,DHL Express,1,0.42,0,3393.69,3387.8500000000013
SHP100090,New York,Chicago,1878.0,3395.0,LTL,USPS,5,0.21,0,3095.03,3128.4161000000045
SHP100091,Atlanta,Chicago,1975.0,2536.0,Truckload,USPS,9,0.43,0,4500.41,4560.536199999995
SHP100092,New York,Chicago,1929.0,611.0,Truckload,DHL Express,12,0.36,0,4217.19,4290.131000000002
SHP100093,Chicago,New York,1885.0,4031.0,Truckload,DHL Express,5,0.33,0,4530.74,4586.859399999996
SHP100094,Houston,Chicago,1935.0,6311.0,Truckload,DHL Express,6,0.21,1,5043.48,4989.798999999995
SHP100095,Houston,New York,1958.0,1787.0,Truckload,DHL Express,8,0.17,0,4363.83,4409.169100000003
SHP100096,Houston,Miami,1935.0,9146.0,LTL,DHL Express,11,0.32,0,3243.57,3782.1637999999984
SHP100097,Atlanta,Los Angeles,1935.0,3604.0,LTL,USPS,1,0.35,0,3783.77,3647.726000000002
SHP100098,Chicago,Houston,1815.0,12732.0,Air Freight,USPS,2,0.21,1,9115.6,8976.448899999994
SHP100099,Atlanta,Los Angeles,2280.0,9968.0,Truckload,UPS,9,0.32,0,5975.64,6007.268700000008
SHP100100,Atlanta,Los Angeles,2360.0,11165.0,Truckload,UPS,3,0.41,1,6772.83,6679.583399999999
SHP100101,Chicago,Los Angeles,2378.0,11773.0,LTL,FedEx,6,0.4,0,4630.52,4610.300200000001
SHP100102,Chicago,Atlanta,1961.0,12148.0,LTL,UPS,5,0.43,1,4411.58,4339.629700000001
SHP100103,Chicago,Miami,1582.0,14054.0,Truckload,UPS,11,0.26,1,5440.9,5399.809300000005
SHP100104,Chicago,New York,1929.0,9176.0,Air Freight,DHL Express,2,0.25,0,8152.01,8069.028500000008
SHP100105,Houston,Atlanta,1831.0,13439.0,Truckload,DHL Express,7,0.37,0,5465.94,5486.9233
SHP100106,Los Angeles,Houston,2365.0,7145.0,Air Freight,UPS,4,0.28,0,9109.69,9064.457599999983
SHP100107,Los Angeles,Atlanta,2385.0,13773.0,Truckload,FedEx,1,0.18,0,6652.64,6623.7001
SHP100108,Chicago,Miami,1655.0,8316.0,LTL,DHL Express,13,0.23,0,3183.75,3232.937299999999
SHP100109,Los Angeles,Chicago,2368.0,344.0,LTL,UPS,4,0.28,0,3690.78,3712.1085000000057
SHP100110,Los Angeles,Chicago,2223.0,8262.0,LTL,UPS,6,0.24,0,4002.88,4020.1212999999984
SHP100111,Chicago,Miami,1606.0,11484.0,LTL,USPS,7,0.25,0,3384.56,3377.750499999999
SHP100112,Los Angeles,Miami,2194.0,9280.0,Air Freight,FedEx,7,0.24,0,8922.95,8910.194299999992
SHP100113,Atlanta,Los Angeles,2458.0,5380.0,LTL,USPS,7,0.16,0,4096.31,4138.261499999999
SHP100114,New York,Chicago,1922.0,4705.0,Truckload,FedEx,3,0.34,0,4659.63,4699.843400000002
SHP100115,New York,Atlanta,2098.0,1159.0,LTL,DHL Express,6,0.33,0,3365.64,3369.110800000006
SHP100116,Chicago,Los Angeles,2300.0,13510.0,LTL,FedEx,13,0.35,0,4539.38,4569.522000000003
SHP100117,Houston,New York,2065.0,3821.0,LTL,UPS,8,0.21,0,3457.52,3435.2077999999997
SHP100118,Chicago,Miami,1694.0,8613.0,LTL,UPS,4,0.24,1,3656.21,3635.9051000000036
SHP100119,Houston,Los Angeles,2299.0,6173.0,Truckload,FedEx,13,0.34,0,5515.42,5529.136799999998
SHP100120,New York,Los Angeles,2358.0,7697.0,LTL,FedEx,8,0.33,0,4203.29,4180.967900000001
SHP100121,Chicago,New York,2028.0,13155.0,Truckload,FedEx,2,0.3,0,5897.16,5828.819599999995
SHP100122,Miami,Atlanta,1538.0,1224.0,LTL,USPS,10,0.26,1,2775.67,2735.5933000000023
SHP100123,Atlanta,Houston,1900.0,1214.0,LTL,FedEx,9,0.42,1,3427.53,3371.4998000000032
SHP100124,Los Angeles,Miami,2189.0,9334.0,LTL,DHL Express,9,0.25,1,4387.53,4312.891100000005
SHP100125,Houston,Atlanta,1949.0,9525.0,Truckload,USPS,8,0.29,0,5236.74,5268.385899999997
SHP100126,Miami,Atlanta,1561.0,10253.0,Truckload,USPS,10,0.35,0,4579.05,4720.055299999995
SHP100127,Los Angeles,Miami,2184.0,9087.0,LTL,FedEx,13,0.31,0,4010.91,4053.598399999997
SHP100128,Los Angeles,Miami,1935.0,10233.0,LTL,DHL Express,10,0.25,0,4145.83,4022.9094000000014
SHP100129,Chicago,Atlanta,1862.0,8762.0,Truckload,USPS,1,0.28,1,5518.44,5451.1301
SHP100130,Los Angeles,Atlanta,2251.0,4516.0,LTL,UPS,2,0.39,0,3849.05,3876.650199999996
SHP100131,Atlanta,Miami,1624.0,5588.0,LTL,USPS,6,0.23,0,2860.71,2906.153000000001
SHP100132,Miami,New York,1651.0,12438.0,Air Freight,FedEx,10,0.19,0,7677.04,7748.236500000002
SHP100133,Los Angeles,Houston,2373.0,12998.0,Truckload,DHL Express,5,0.24,1,7032.88,6837.999200000004
SHP100134,Chicago,Houston,1834.0,14019.0,LTL,FedEx,12,0.4,0,3997.49,3931.646599999997
SHP100135,Atlanta,Los Angeles,2236.0,7161.0,Air Freight,UPS,9,0.18,0,8662.4,8717.118600000009
SHP100136,New York,Atlanta,1935.0,8484.0,Truckload,UPS,5,0.45,0,5111.44,5171.717899999998
SHP100137,Miami,Houston,1535.0,2850.0,LTL,UPS,2,0.31,0,2669.01,2808.022900000001
SHP100138,Los Angeles,New York,2395.0,4657.0,Truckload,FedEx,10,0.45,0,5680.63,5698.902700000002
SHP100139,Chicago,Houston,1754.0,11138.0,Truckload,USPS,4,0.43,1,5509.23,5210.127100000001
SHP100140,New York,Houston,1922.0,10844.0,LTL,FedEx,9,0.29,0,3777.55,3817.481299999995
SHP100141,New York,Miami,1726.0,7312.0,LTL,DHL Express,1,0.21,0,3259.69,3288.0992000000015
SHP100142,Houston,Atlanta,1884.0,10515.0,LTL,USPS,11,0.2,0,3739.64,3762.235500000003
SHP100143,Atlanta,Los Angeles,2338.0,1591.0,Truckload,UPS,1,0.22,0,5301.36,5351.952599999993
SHP100144,Los Angeles,New York,2416.0,14599.0,LTL,FedEx,12,0.36,1,5172.86,4998.7206999999935
SHP100145,Chicago,Los Angeles,2283.0,2815.0,Air Freight,UPS,7,0.23,0,8069.1,8143.866799999993
SHP100146,Houston,Los Angeles,2379.0,10356.0,Truckload,UPS,11,0.25,0,6210.34,6276.3894000000055
SHP100147,Atlanta,Houston,1909.0,4541.0,LTL,DHL Express,3,0.28,1,3731.77,3669.2898000000023
SHP100148,Houston,New York,2002.0,12949.0,Truckload,USPS,10,0.42,0,5776.81,5725.807300000001
SHP100149,Miami,Atlanta,1671.0,3133.0,LTL,DHL Express,2,0.21,0,2814.79,2837.8176000000017
SHP100150,Atlanta,New York,1974.0,5406.0,Truckload,DHL Express,9,0.15,0,4844.8,4801.237599999995
SHP100151,Atlanta,Chicago,1796.0,7470.0,Truckload,DHL Express,3,0.17,0,4125.92,4323.9025999999985
SHP100152,Los Angeles,Chicago,2215.0,819.0,LTL,UPS,2,0.42,0,3455.1,3529.430700000001
SHP100153,Atlanta,Houston,1854.0,1472.0,LTL,DHL Express,12,0.34,0,2981.22,2985.193099999998
SHP100154,Houston,Los Angeles,1935.0,8648.0,LTL,DHL Express,8,0.23,0,4179.87,3924.6822999999977
SHP100155,Atlanta,Houston,1799.0,7470.0,LTL,USPS,10,0.2,0,3043.5,3183.2589000000003
SHP100156,Los Angeles,Atlanta,2262.0,1922.0,LTL,USPS,6,0.24,0,3598.67,3637.5489000000007
SHP100157,Los Angeles,Atlanta,2275.0,7470.0,LTL,DHL Express,6,0.18,0,3890.56,3927.931799999998
SHP100158,Miami,Houston,1547.0,10936.0,Air Freight,USPS,10,0.43,1,8094.09,7998.476699999999
SHP100159,Houston,Miami,1739.0,2319.0,LTL,USPS,11,0.39,0,2825.61,2824.4817999999955
SHP100160,New York,Miami,1691.0,5325.0,LTL,DHL Express,7,0.29,0,3070.69,3034.0141000000003
SHP100161,New York,Los Angeles,2416.0,4799.0,Truckload,UPS,7,0.41,0,5656.12,5679.578199999997
SHP100162,Atlanta,Chicago,1731.0,6621.0,LTL,DHL Express,11,0.22,0,3226.57,3233.5028000000034
SHP100163,Miami,Houston,1693.0,9423.0,Air Freight,USPS,13,0.37,0,7397.31,7472.928300000008
SHP100164,Chicago,Los Angeles,2359.0,5122.0,Truckload,UPS,6,0.41,0,5702.32,5667.751199999999
SHP100165,Atlanta,Chicago,1766.0,9681.0,Truckload,FedEx,4,0.26,0,4946.17,4978.896999999997
SHP100166,Miami,Los Angeles,2117.0,11295.0,LTL,UPS,11,0.38,0,4089.21,4131.355800000003
SHP100167,Houston,Miami,1592.0,14756.0,LTL,USPS,9,0.24,0,3705.99,3651.862999999996
SHP100168,Houston,Chicago,1753.0,5513.0,LTL,UPS,6,0.24,1,3570.7,3257.2565000000004
SHP100169,Houston,Los Angeles,2321.0,11575.0,Air Freight,DHL Express,4,0.18,1,10616.09,10397.903799999991
SHP100170,Houston,Chicago,1941.0,7500.0,LTL,FedEx,12,0.28,0,3526.18,3508.8540999999955
SHP100171,Houston,Miami,1554.0,11139.0,LTL,FedEx,3,0.37,0,3339.65,3319.3983000000007
SHP100172,Miami,Atlanta,1682.0,11145.0,Air Freight,FedEx,4,0.43,0,7808.84,7775.314899999997
SHP100173,Miami,New York,1935.0,8470.0,LTL,USPS,3,0.33,0,3483.03,3554.814500000003
SHP100174,Los Angeles,Atlanta,2338.0,4009.0,LTL,USPS,2,0.41,0,4008.98,3928.382599999997
SHP100175,New York,Chicago,1966.0,14665.0,LTL,FedEx,5,0.4,1,4585.39,4495.290800000006
SHP100176,Houston,Chicago,1845.0,10135.0,Air Freight,UPS,2,0.2,0,7943.66,8047.765000000005
SHP100177,Chicago,Houston,1966.0,1363.0,LTL,FedEx,6,0.3,0,3155.01,3172.2839000000035
SHP100178,Miami,Atlanta,1711.0,7897.0,Truckload,UPS,3,0.19,0,4584.33,4541.3470000000025
SHP100179,Chicago,New York,1954.0,1120.0,Truckload,UPS,6,0.35,0,4354.69,4388.0515000000005
SHP100180,Chicago,Miami,1728.0,9216.0,LTL,USPS,11,0.43,1,3757.29,3724.3262999999984
SHP100181,Chicago,New York,1852.0,7470.0,Truckload,UPS,10,0.19,0,5106.84,4894.332600000007
SHP100182,Los Angeles,New York,2375.0,3335.0,LTL,FedEx,9,0.37,1,4289.94,4201.224300000001
SHP100183,Miami,Houston,1544.0,8999.0,LTL,USPS,1,0.34,0,3184.46,3180.3300000000013
SHP100184,Chicago,New York,1924.0,3145.0,Truckload,DHL Express,6,0.33,0,4503.09,4590.460099999997
SHP100185,Houston,Miami,1705.0,370.0,Air Freight,DHL Express,9,0.27,1,6622.01,6431.554900000002
SHP100186,Atlanta,New York,2063.0,2371.0,Truckload,USPS,11,0.26,0,4660.12,4664.317599999998
SHP100187,Chicago,New York,2041.0,605.0,Truckload,FedEx,4,0.16,1,4891.68,4929.323099999997
SHP100188,Los Angeles,Houston,2445.0,4989.0,LTL,DHL Express,11,0.22,0,4109.42,4142.656999999997
SHP100189,Miami,Houston,1534.0,5482.0,LTL,DHL Express,12,0.15,0,2803.56,2869.1421999999993
SHP100190,Los Angeles,Chicago,2363.0,1436.0,LTL,UPS,2,0.32,1,4164.55,3998.512899999996
SHP100191,Chicago,Los Angeles,2286.0,4813.0,LTL,UPS,13,0.18,0,3877.23,3865.1278
SHP100192,Miami,Los Angeles,2162.0,11289.0,LTL,FedEx,4,0.41,1,4569.16,4468.270799999996
SHP100193,Atlanta,New York,1873.0,10669.0,LTL,USPS,1,0.31,1,4163.28,4131.704800000006
SHP100194,Chicago,Los Angeles,2411.0,6904.0,LTL,FedEx,3,0.36,0,4212.48,4285.312699999996
SHP100195,Los Angeles,Houston,2244.0,14280.0,LTL,USPS,10,0.27,0,4581.52,4603.022600000002
SHP100196,New York,Los Angeles,2353.0,10246.0,Truckload,DHL Express,9,0.32,0,6137.49,6185.648699999996
SHP100197,Houston,Los Angeles,2237.0,10172.0,Air Freight,UPS,10,0.43,0,9289.46,9229.64499999999
SHP100198,Los Angeles,Chicago,2437.0,7687.0,LTL,FedEx,5,0.17,0,4320.21,4411.992700000002
SHP100199,Miami,Los Angeles,2177.0,4891.0,Air Freight,FedEx,11,0.23,0,7995.29,8180.768399999996
SHP100200,Chicago,Houston,1961.0,13012.0,Air Freight,USPS,6,0.38,0,8898.11,8866.395099999992
SHP100201,Houston,Atlanta,1745.0,10405.0,LTL,USPS,3,0.18,0,3525.66,3546.463599999997
SHP100202,Chicago,Houston,1788.0,14990.0,Truckload,FedEx,5,0.17,1,6024.83,5801.2704
SHP100203,Miami,Los Angeles,2178.0,13403.0,Truckload,USPS,11,0.26,1,6601.66,6531.088299999998
SHP100204,Chicago,New York,2092.0,3917.0,Truckload,FedEx,8,0.18,0,4818.79,4980.677999999996
SHP100205,New York,Atlanta,2031.0,10668.0,LTL,FedEx,6,0.33,0,3947.58,3936.5221000000006
SHP100206,Houston,Miami,1696.0,3843.0,Truckload,FedEx,4,0.22,1,4624.5,4539.1851
SHP100207,Houston,Chicago,1873.0,7423.0,LTL,DHL Express,2,0.42,0,3559.87,3545.889199999997
SHP100208,Miami,Chicago,1504.0,2563.0,Truckload,USPS,9,0.39,0,3595.65,3762.3884999999996
SHP100209,New York,Miami,1858.0,3853.0,Truckload,UPS,13,0.36,1,4965.13,5017.620100000002
SHP100210,Los Angeles,Houston,2435.0,2377.0,Truckload,UPS,12,0.34,0,5448.36,5587.940200000003
SHP100211,Chicago,Los Angeles,2220.0,7470.0,Truckload,USPS,1,0.41,0,5782.97,5713.02069999999
SHP100212,Atlanta,Houston,1922.0,2215.0,Truckload,FedEx,1,0.22,1,4891.72,4898.87699999999
SHP100213,Chicago,Los Angeles,2288.0,3358.0,LTL,UPS,13,0.41,1,4040.11,3958.299499999999
SHP100214,Chicago,Miami,1707.0,6502.0,LTL,UPS,4,0.39,0,3198.44,3198.5653000000007
SHP100215,Los Angeles,Chicago,2324.0,8117.0,Air Freight,USPS,7,0.37,0,9308.0,9117.359499999999
SHP100216,Chicago,New York,1917.0,7692.0,LTL,UPS,1,0.32,0,3634.85,3600.592399999997
SHP100217,New York,Atlanta,1892.0,14485.0,LTL,FedEx,9,0.22,0,4114.29,4049.015699999997
SHP100218,New York,Chicago,1918.0,6454.0,LTL,USPS,4,0.28,0,3469.79,3459.4802999999984
SHP100219,Houston,Chicago,1956.0,1042.0,LTL,FedEx,3,0.39,0,3193.13,3199.5620000000035
SHP100220,Miami,Houston,1630.0,5474.0,Air Freight,UPS,1,0.16,1,7313.83,6961.647599999994
SHP100221,Atlanta,Houston,1867.0,9619.0,Truckload,UPS,10,0.38,0,5179.96,5226.534500000002
SHP100222,Chicago,Miami,1564.0,4431.0,Air Freight,FedEx,4,0.22,0,6150.83,6201.9913
SHP100223,Chicago,New York,2059.0,14713.0,Truckload,DHL Express,9,0.19,0,6059.65,5963.799800000004
SHP100224,Los Angeles,Chicago,2435.0,3224.0,LTL,UPS,13,0.18,0,3976.05,3982.9399999999955
SHP100225,Miami,Atlanta,1592.0,14448.0,LTL,DHL Express,10,0.16,0,3587.54,3602.1993999999972
SHP100226,New York,Houston,1890.0,4832.0,Truckload,UPS,6,0.31,0,4642.51,4681.214900000004
SHP100227,Atlanta,Los Angeles,2443.0,9547.0,LTL,DHL Express,6,0.22,0,4528.11,4485.844199999995
SHP100228,Houston,Los Angeles,2387.0,5610.0,Air Freight,DHL Express,1,0.45,0,9112.9,9069.371100000011
SHP100229,New York,Miami,1824.0,7470.0,Air Freight,DHL Express,10,0.32,0,7441.68,7568.8760000000075
SHP100230,Miami,Chicago,1688.0,13075.0,LTL,FedEx,2,0.19,1,4118.04,4042.9853999999964
SHP100231,Houston,Miami,1548.0,3128.0,Air Freight,DHL Express,11,0.36,0,5834.91,5820.592799999995
SHP100232,Los Angeles,Miami,2008.0,10928.0,Air Freight,DHL Express,6,0.42,0,8784.79,8777.455100000001
SHP100233,Los Angeles,Houston,2212.0,3033.0,Truckload,DHL Express,2,0.37,1,5671.68,5634.659799999999
SHP100234,Chicago,Los Angeles,2413.0,7309.0,LTL,UPS,3,0.17,1,4575.19,4445.954700000001
SHP100235,Miami,Chicago,1496.0,6104.0,LTL,DHL Express,4,0.42,0,2826.17,3040.973000000001
SHP100236,Atlanta,Los Angeles,2258.0,14232.0,Truckload,UPS,11,0.39,0,6431.34,6432.230400000003
SHP100237,Houston,New York,1935.0,2573.0,LTL,DHL Express,5,0.2,1,3358.9,3415.176400000003
SHP100238,New York,Los Angeles,2490.0,11824.0,LTL,DHL Express,9,0.17,1,5032.46,4977.515600000004
SHP100239,Miami,Houston,1590.0,7470.0,Truckload,FedEx,12,0.32,0,4543.75,4418.190200000001
SHP100240,Miami,Chicago,1665.0,10342.0,LTL,UPS,4,0.2,0,3399.46,3405.534700000002
SHP100241,Los Angeles,New York,2408.0,4631.0,Truckload,DHL Express,13,0.4,0,5568.46,5576.258600000006
SHP100242,Chicago,Houston,1731.0,7470.0,Air Freight,UPS,11,0.26,0,8021.46,7658.3506999999945
SHP100243,Chicago,Atlanta,1962.0,5659.0,Air Freight,UPS,9,0.42,0,7675.22,7701.564199999985
SHP100244,Houston,Chicago,1856.0,2051.0,LTL,USPS,11,0.32,0,3078.68,3002.4727000000003
SHP100245,Los Angeles,Miami,2168.0,1437.0,Air Freight,FedEx,10,0.2,1,8235.13,8508.4616
SHP100246,Miami,Los Angeles,2129.0,11425.0,LTL,FedEx,3,0.19,0,4134.45,4171.114900000004
SHP100247,Atlanta,New York,1935.0,6602.0,LTL,FedEx,8,0.32,0,3586.72,3448.141099999999
SHP100248,Los Angeles,New York,2349.0,1080.0,Truckload,USPS,12,0.38,0,5112.12,5243.5716
SHP100249,Houston,Los Angeles,2451.0,10007.0,LTL,USPS,1,0.38,0,4522.51,4503.843800000003
SHP100250,Houston,New York,1966.0,13005.0,LTL,FedEx,11,0.23,0,4098.24,4044.927499999996
SHP100251,Los Angeles,Atlanta,1935.0,1270.0,Truckload,USPS,9,0.21,0,5137.23,4870.290199999998
SHP100252,Houston,Chicago,1761.0,13172.0,LTL,USPS,9,0.16,0,3661.4,3698.5767000000033
SHP100253,Los Angeles,Atlanta,2237.0,13213.0,LTL,USPS,10,0.35,0,4530.46,4580.801400000006
SHP100254,New York,Los Angeles,2406.0,12048.0,LTL,FedEx,2,0.17,1,4953.85,4737.180300000002
SHP100255,Los Angeles,Miami,1970.0,10656.0,Truckload,FedEx,4,0.28,0,5425.62,5414.888099999996
SHP100256,Los Angeles,Chicago,2397.0,13339.0,Truckload,FedEx,13,0.33,0,6491.84,6566.4896000000035
SHP100257,Houston,Chicago,1785.0,12587.0,LTL,USPS,8,0.43,1,4219.55,4165.576799999995
SHP100258,Houston,Los Angeles,2244.0,6085.0,LTL,FedEx,7,0.24,0,3845.57,3885.3400000000042
SHP100259,Chicago,Houston,1841.0,9860.0,LTL,USPS,1,0.22,0,3649.88,3645.815900000001
SHP100260,Chicago,Miami,1519.0,9505.0,LTL,DHL Express,5,0.35,1,3549.02,3511.243900000001
SHP100261,New York,Chicago,1903.0,6573.0,Truckload,USPS,7,0.34,0,4874.44,4941.315299999998
SHP100262,Chicago,Miami,1525.0,8124.0,LTL,UPS,4,0.25,0,3038.49,3088.203299999998
SHP100263,Los Angeles,Houston,2458.0,9113.0,LTL,FedEx,1,0.43,0,4447.57,4452.873700000005
SHP100264,Houston,Los Angeles,2392.0,884.0,Truckload,FedEx,9,0.4,1,5667.33,5597.576500000001
SHP100265,Chicago,New York,2066.0,11064.0,Truckload,UPS,5,0.22,0,5678.2,5581.3058999999985
SHP100266,Chicago,Atlanta,1809.0,9160.0,Truckload,USPS,11,0.22,0,4857.37,4994.7194999999965
SHP100267,New York,Los Angeles,2387.0,1774.0,LTL,DHL Express,2,0.3,0,3812.22,3838.348699999996
SHP100268,Miami,Los Angeles,2052.0,6648.0,LTL,UPS,8,0.38,0,3723.92,3681.491100000001
SHP100269,New York,Houston,1914.0,2463.0,LTL,UPS,11,0.16,0,3142.65,3126.179500000002
SHP100270,Los Angeles,Atlanta,2278.0,9555.0,LTL,USPS,13,0.36,0,4169.32,4181.855900000004
SHP100271,Houston,Atlanta,1857.0,6043.0,Truckload,FedEx,2,0.34,0,4836.58,4852.118600000001
SHP100272,New York,Miami,1660.0,4548.0,Air Freight,USPS,3,0.22,0,6524.18,6439.511900000005
SHP100273,Chicago,Miami,1511.0,7470.0,Truckload,UPS,10,0.35,0,3546.61,3948.965399999994
SHP100274,Houston,New York,2065.0,2618.0,Truckload,UPS,1,0.43,0,4857.6,4812.727899999994
SHP100275,Houston,New York,1956.0,13665.0,LTL,FedEx,11,0.16,1,4512.84,4342.067100000001
SHP100276,Chicago,New York,1958.0,9380.0,Truckload,FedEx,2,0.25,0,5226.56,5284.0400999999965
SHP100277,New York,Miami,1725.0,259.0,LTL,FedEx,7,0.28,1,3032.83,2773.1272999999997
SHP100278,Chicago,Houston,1830.0,9306.0,Truckload,USPS,10,0.42,1,5397.74,5377.287899999997
SHP100279,Miami,Atlanta,1670.0,4961.0,LTL,FedEx,2,0.44,0,3055.05,2988.464999999998
SHP100280,Houston,Los Angeles,2309.0,2270.0,LTL,UPS,6,0.28,0,3722.09,3732.1947000000014
SHP100281,Atlanta,Houston,1893.0,283.0,LTL,UPS,3,0.38,1,3326.73,3390.350900000003
SHP100282,Atlanta,Miami,1557.0,842.0,Air Freight,DHL Express,4,0.31,0,5507.97,5620.054899999989
SHP100283,Los Angeles,Atlanta,2245.0,14245.0,LTL,USPS,11,0.31,1,4809.62,4770.579199999999
SHP100284,Chicago,Los Angeles,2389.0,13951.0,LTL,DHL Express,13,0.23,0,4727.94,4715.7786000000015
SHP100285,Chicago,Los Angeles,2390.0,3160.0,LTL,UPS,8,0.22,0,3937.79,3942.200499999994
SHP100286,Los Angeles,Chicago,2419.0,7470.0,Truckload,DHL Express,3,0.24,0,5388.37,5557.2617
SHP100287,Los Angeles,Miami,2147.0,8576.0,Truckload,UPS,10,0.32,0,5568.32,5641.0005
SHP100288,Los Angeles,Atlanta,2417.0,9601.0,Truckload,DHL Express,6,0.16,1,6614.06,6443.819600000005
SHP100289,Houston,Los Angeles,2378.0,13977.0,LTL,FedEx,1,0.42,0,4815.83,4671.469300000001
SHP100290,Miami,New York,1755.0,5243.0,Truckload,DHL Express,7,0.2,0,4349.16,4314.953999999996
SHP100291,Chicago,Los Angeles,2231.0,1264.0,LTL,FedEx,8,0.22,1,3805.76,3821.7249000000024
SHP100292,Houston,Los Angeles,2275.0,4469.0,Air Freight,FedEx,11,0.31,0,8354.98,8400.691999999994
SHP100293,Los Angeles,Atlanta,2230.0,7364.0,Truckload,USPS,8,0.36,0,5588.76,5584.397500000005
SHP100294,Chicago,Atlanta,1829.0,14128.0,LTL,FedEx,3,0.18,0,3970.5,3898.0352999999996
SHP100295,Houston,Miami,1935.0,8525.0,LTL,FedEx,10,0.25,0,3117.6,3299.4545999999987
SHP100296,Miami,Atlanta,1533.0,262.0,LTL,DHL Express,1,0.44,0,2458.94,2541.333300000004
SHP100297,Houston,Chicago,1935.0,1708.0,LTL,UPS,9,0.23,0,2942.17,2991.498200000003
SHP100298,Miami,New York,1656.0,12320.0,LTL,USPS,13,0.24,0,3470.34,3599.4449999999983
SHP100299,Los Angeles,Miami,2008.0,14079.0,Truckload,FedEx,6,0.4,0,6013.94,5791.180399999998
SHP100300,Miami,Houston,1518.0,5074.0,LTL,USPS,11,0.17,0,2697.61,2737.871299999996
SHP100301,Chicago,Houston,1783.0,13089.0,LTL,DHL Express,9,0.29,0,3765.35,3773.5038999999965
SHP100302,Los Angeles,Atlanta,2299.0,9659.0,LTL,FedEx,7,0.26,0,4229.25,4242.5031
SHP100303,Chicago,Los Angeles,2294.0,10628.0,LTL,DHL Express,1,0.24,0,4450.47,4453.0645999999915
SHP100304,Atlanta,Houston,1746.0,5967.0,Air Freight,USPS,12,0.24,0,6948.41,7015.128699999998
SHP100305,New York,Chicago,1929.0,5191.0,LTL,DHL Express,12,0.18,0,3296.18,3300.6138999999953
SHP100306,Miami,New York,1797.0,1844.0,Truckload,USPS,1,0.24,1,4664.42,4612.184699999997
SHP100307,New York,Houston,2008.0,6038.0,Air Freight,DHL Express,6,0.16,0,7811.64,7781.974299999999
SHP100308,New York,Chicago,2092.0,8346.0,Truckload,USPS,5,0.38,0,5474.49,5413.747899999996
SHP100309,Miami,New York,1682.0,13827.0,Air Freight,UPS,9,0.27,0,8133.43,7896.565100000002
SHP100310,Los Angeles,Houston,2432.0,5628.0,LTL,DHL Express,2,0.28,0,4138.92,4180.534099999997
SHP100311,Atlanta,Chicago,1935.0,5601.0,Air Freight,DHL Express,8,0.42,0,7600.43,7620.435699999999
SHP100312,Chicago,New York,1898.0,13107.0,LTL,UPS,11,0.35,0,3941.13,3956.547199999999
SHP100313,Houston,New York,1950.0,12135.0,LTL,UPS,5,0.15,0,4035.05,4004.682199999995
SHP100314,Chicago,Miami,1491.0,3895.0,Truckload,DHL Express,2,0.43,0,3722.25,3765.604399999995
SHP100315,Houston,Chicago,1973.0,11932.0,Air Freight,UPS,13,0.22,1,9516.83,9312.61889999999
SHP100316,Chicago,New York,2025.0,6956.0,Air Freight,FedEx,10,0.18,0,7978.2,8057.191299999994
SHP100317,Miami,Los Angeles,2207.0,14297.0,LTL,USPS,11,0.38,0,4528.37,4499.982099999997
SHP100318,Atlanta,Houston,1871.0,14365.0,LTL,USPS,11,0.3,1,4404.64,4242.7829
SHP100319,Houston,New York,1908.0,11534.0,Air Freight,USPS,12,0.28,0,8409.34,8502.642600000003
SHP100320,Los Angeles,New York,2426.0,428.0,LTL,FedEx,6,0.22,0,3754.83,3811.6371999999997
SHP100321,Chicago,Miami,1588.0,3343.0,Truckload,UPS,10,0.31,0,3703.02,3882.700399999998
SHP100322,Chicago,Miami,1675.0,3379.0,Air Freight,UPS,8,0.23,0,6248.75,6250.618
SHP100323,Houston,New York,1952.0,4858.0,LTL,DHL Express,4,0.42,0,3391.46,3414.1444000000024
SHP100324,Los Angeles,Miami,2155.0,11680.0,LTL,UPS,2,0.21,0,4184.74,4264.201199999996
SHP100325,Los Angeles,Houston,2448.0,7987.0,LTL,DHL Express,12,0.42,0,4352.89,4377.850300000006
SHP100326,Miami,New York,1935.0,13710.0,LTL,FedEx,11,0.32,0,3865.76,3944.0579000000016
SHP100327,Miami,Atlanta,1701.0,274.0,Air Freight,USPS,5,0.4,0,5957.03,6317.5002
SHP100328,Miami,New York,1611.0,14075.0,LTL,USPS,12,0.36,1,3984.79,3857.1261999999983
SHP100329,Miami,Houston,1732.0,787.0,Air Freight,USPS,2,0.36,0,6100.04,6243.507999999999
SHP100330,Miami,Chicago,1530.0,285.0,LTL,UPS,2,0.25,0,2447.91,2468.2766000000024
SHP100331,Miami,New York,1820.0,12520.0,Air Freight,DHL Express,6,0.22,0,8375.71,8346.455899999992
SHP100332,Atlanta,Chicago,1852.0,761.0,LTL,DHL Express,11,0.21,0,2925.4,2953.324299999999
SHP100333,Los Angeles,Miami,2198.0,6038.0,LTL,FedEx,10,0.41,1,4237.1,4147.795899999997
SHP100334,Miami,Chicago,1571.0,7470.0,LTL,UPS,9,0.4,0,3650.64,3410.492600000004
SHP100335,Los Angeles,New York,2473.0,1938.0,Truckload,FedEx,13,0.28,0,5394.27,5433.2720000000045
SHP100336,Los Angeles,Atlanta,2341.0,12960.0,Truckload,DHL Express,4,0.19,0,6409.57,6482.457499999994
SHP100337,New York,Miami,1749.0,7223.0,Air Freight,DHL Express,6,0.26,0,7204.22,7248.69549999999
SHP100338,Atlanta,New York,1878.0,1309.0,LTL,USPS,7,0.34,0,2996.63,2997.7640000000033
SHP100339,Miami,Atlanta,1624.0,5296.0,LTL,UPS,13,0.29,0,2933.54,2934.582100000001
SHP100340,Chicago,Houston,1935.0,7321.0,Truckload,DHL Express,11,0.38,0,4629.82,4632.331500000003
SHP100341,Houston,Chicago,1976.0,798.0,LTL,USPS,6,0.45,0,3136.74,3168.8326999999977
SHP100342,Chicago,Houston,1741.0,7470.0,LTL,UPS,8,0.21,0,3655.42,3588.5055999999986
SHP100343,Atlanta,New York,1948.0,3601.0,Air Freight,FedEx,4,0.29,1,8037.94,7842.975399999991
SHP100344,Houston,Atlanta,1862.0,14540.0,Air Freight,UPS,12,0.28,0,8796.8,8713.503300000006
SHP100345,Atlanta,Miami,1570.0,6450.0,Air Freight,UPS,1,0.24,0,6526.46,6645.702299999999
SHP100346,Los Angeles,Chicago,2459.0,14620.0,Truckload,DHL Express,7,0.21,0,6770.02,6727.735399999998
SHP100347,Houston,Miami,1935.0,6693.0,LTL,DHL Express,3,0.17,0,2985.91,3141.8962999999985
SHP100348,Los Angeles,New York,2361.0,14674.0,LTL,UPS,6,0.42,0,4822.66,4783.258599999995
SHP100349,Chicago,Miami,1563.0,8751.0,Truckload,DHL Express,2,0.28,1,4885.77,4961.364700000004
SHP100350,Chicago,New York,2020.0,13913.0,Air Freight,DHL Express,9,0.3,0,9244.79,9127.148000000008
SHP100351,Houston,New York,1930.0,1873.0,LTL,DHL Express,1,0.43,1,3550.33,3460.627400000002
SHP100352,Houston,Miami,1558.0,6902.0,LTL,USPS,6,0.38,0,3030.69,3106.297500000002
SHP100353,Miami,Houston,1534.0,13122.0,LTL,USPS,6,0.19,0,3383.48,3468.0451999999973
SHP100354,Atlanta,New York,1955.0,11183.0,Truckload,UPS,5,0.32,0,5530.61,5474.880099999993
SHP100355,Miami,New York,1746.0,14683.0,Air Freight,DHL Express,13,0.28,0,8514.88,8271.468000000003
SHP100356,Atlanta,Houston,1906.0,7827.0,Truckload,USPS,5,0.39,0,4979.16,4863.513199999995
SHP100357,Miami,Los Angeles,2130.0,4282.0,LTL,UPS,1,0.37,0,3612.99,3662.636299999996
SHP100358,Los Angeles,Chicago,2437.0,6569.0,Air Freight,DHL Express,10,0.36,1,10132.17,9978.14830000001
SHP100359,Houston,Los Angeles,2309.0,10376.0,Truckload,FedEx,12,0.25,1,6528.77,6443.763000000004
SHP100360,Chicago,Miami,1635.0,1827.0,LTL,DHL Express,5,0.39,0,2620.02,2686.8605999999977
SHP100361,Atlanta,Houston,1738.0,1272.0,LTL,DHL Express,2,0.17,0,2732.87,2785.225900000001
SHP100362,Atlanta,Los Angeles,2271.0,7680.0,LTL,USPS,7,0.2,0,4051.13,4020.645200000003
SHP100363,Chicago,Los Angeles,2394.0,14822.0,LTL,UPS,3,0.25,0,4789.72,4728.950899999997
SHP100364,Miami,Atlanta,1518.0,13671.0,Air Freight,UPS,13,0.17,0,7491.71,7612.692799999995
SHP100365,Atlanta,Miami,1614.0,7470.0,LTL,USPS,4,0.22,0,3468.48,3208.782700000002
SHP100366,Los Angeles,Houston,1935.0,1827.0,Air Freight,DHL Express,3,0.4,0,8270.72,7817.451699999989
SHP100367,Houston,Los Angeles,2415.0,9546.0,LTL,FedEx,3,0.43,0,4473.36,4448.954499999996
SHP100368,Chicago,Atlanta,1882.0,7540.0,LTL,DHL Express,4,0.24,0,3558.36,3555.435199999993
SHP100369,Houston,Chicago,1872.0,4909.0,LTL,DHL Express,5,0.23,0,3342.41,3326.6950999999995
SHP100370,Atlanta,Los Angeles,2343.0,8943.0,LTL,FedEx,1,0.23,0,4368.33,4226.9349
SHP100371,Atlanta,Los Angeles,2329.0,8168.0,LTL,USPS,4,0.23,0,4219.3,4136.278000000002
SHP100372,Chicago,Los Angeles,2379.0,3039.0,Air Freight,UPS,12,0.16,0,8303.93,8362.437000000005
SHP100373,Los Angeles,Miami,2126.0,8393.0,Truckload,USPS,12,0.43,0,5522.93,5581.3149
SHP100374,New York,Chicago,1928.0,1375.0,Truckload,USPS,11,0.21,0,4306.82,4375.413300000003
SHP100375,Chicago,Los Angeles,2302.0,9543.0,LTL,DHL Express,8,0.28,0,4263.69,4270.905200000001
SHP100376,New York,Atlanta,1853.0,11964.0,LTL,UPS,10,0.15,0,3852.48,3821.226199999998
SHP100377,Miami,Houston,1571.0,9953.0,LTL,UPS,7,0.41,0,3309.88,3380.6722000000022
SHP100378,New York,Houston,2091.0,5177.0,Truckload,USPS,9,0.37,0,5100.73,5120.309799999997
SHP100379,Los Angeles,Houston,2394.0,9048.0,LTL,FedEx,5,0.43,0,4455.03,4404.6660000000065
SHP100380,Miami,Houston,1666.0,12572.0,LTL,USPS,13,0.38,0,3597.46,3596.8885000000014
SHP100381,New York,Houston,2021.0,2772.0,Truckload,FedEx,10,0.24,0,4508.12,4602.177899999996
SHP100382,Miami,Chicago,1935.0,4706.0,LTL,UPS,4,0.22,0,3022.02,3336.0659999999984
SHP100383,New York,Houston,2057.0,1375.0,LTL,USPS,8,0.36,0,3328.52,3313.2136000000005
SHP100384,Los Angeles,Miami,2044.0,4183.0,LTL,DHL Express,9,0.26,0,3419.1,3383.9315999999985
SHP100385,New York,Houston,1863.0,9401.0,Air Freight,USPS,13,0.32,1,8685.29,8586.796500000006
SHP100386,New York,Los Angeles,2460.0,2919.0,Truckload,UPS,7,0.15,0,5476.71,5584.255200000005
SHP100387,New York,Chicago,2092.0,12758.0,LTL,DHL Express,7,0.17,1,4633.32,4562.428500000004
SHP100388,Chicago,Los Angeles,2323.0,1292.0,LTL,DHL Express,5,0.31,0,3734.38,3740.834000000003
SHP100389,Chicago,Los Angeles,2271.0,8589.0,Air Freight,FedEx,4,0.32,0,9143.18,9119.64600000001
SHP100390,Chicago,Miami,1595.0,1881.0,Truckload,DHL Express,10,0.38,0,3701.55,3796.808799999995
SHP100391,Los Angeles,Chicago,2273.0,1619.0,LTL,DHL Express,1,0.19,0,3577.75,3596.8238000000006
SHP100392,Miami,Chicago,1591.0,12177.0,Air Freight,USPS,10,0.3,0,7598.11,7617.449299999995
SHP100393,Atlanta,Chicago,1902.0,7296.0,LTL,UPS,10,0.21,0,3506.52,3460.238
SHP100394,New York,Chicago,1955.0,1968.0,Truckload,FedEx,7,0.18,0,4436.99,4422.202799999996
SHP100395,New York,Chicago,2059.0,6466.0,Truckload,USPS,1,0.27,0,5197.5,5073.865199999999
SHP100396,Los Angeles,Miami,2155.0,3282.0,LTL,DHL Express,1,0.2,0,3704.4,3667.6644000000024
SHP100397,New York,Houston,1869.0,3808.0,Air Freight,DHL Express,5,0.22,0,6957.86,7053.655799999992
SHP100398,Chicago,Los Angeles,2267.0,6047.0,Truckload,FedEx,13,0.25,0,5391.3,5475.677899999994
SHP100399,Atlanta,Chicago,1841.0,2405.0,Truckload,UPS,9,0.23,0,4200.3,4347.371499999995
SHP100400,Houston,Los Angeles,2426.0,9639.0,LTL,FedEx,6,0.18,0,4374.26,4402.060000000004
SHP100401,New York,Houston,1906.0,11022.0,LTL,USPS,3,0.18,1,4099.3,4120.871599999996
SHP100402,Chicago,Los Angeles,2439.0,1874.0,LTL,FedEx,13,0.21,1,4118.41,4054.038999999995
SHP100403,Houston,Miami,1694.0,10733.0,Truckload,DHL Express,3,0.17,0,4836.02,4857.016600000005
SHP100404,Atlanta,Houston,1925.0,7470.0,LTL,USPS,7,0.34,0,3517.69,3530.5637
SHP100405,Houston,Atlanta,1848.0,4110.0,Truckload,DHL Express,6,0.24,1,4960.28,4928.489900000007
SHP100406,Chicago,Houston,1935.0,5374.0,Truckload,UPS,9,0.23,0,4718.56,4711.375699999999
SHP100407,Miami,New York,1706.0,454.0,LTL,DHL Express,6,0.25,0,2671.94,2668.580500000001
SHP100408,Miami,Houston,1581.0,1771.0,Truckload,DHL Express,5,0.35,1,4211.02,4150.857599999999
SHP100409,Houston,Los Angeles,2261.0,5366.0,LTL,FedEx,10,0.41,0,3855.25,3909.229300000002
SHP100410,Los Angeles,Miami,2006.0,11067.0,Air Freight,DHL Express,7,0.38,0,8755.23,8751.43829999999
SHP100411,Houston,Atlanta,1737.0,3895.0,LTL,USPS,1,0.37,0,3065.71,3028.6544000000013
SHP100412,New York,Houston,1893.0,4260.0,LTL,USPS,12,0.3,0,3148.28,3199.0290000000027
SHP100413,New York,Houston,1947.0,11434.0,LTL,UPS,7,0.36,1,4167.55,4186.239899999997
SHP100414,Miami,Chicago,1725.0,14014.0,LTL,USPS,3,0.32,0,3836.95,3794.0978000000036
SHP100415,Los Angeles,Miami,2102.0,114.0,Truckload,FedEx,9,0.21,0,4507.77,4693.805600000004
SHP100416,Chicago,New York,1967.0,9541.0,Truckload,UPS,6,0.21,0,5381.29,5364.667799999995
SHP100417,New York,Los Angeles,2398.0,13162.0,Truckload,USPS,9,0.24,0,6563.4,6563.5373000000045
SHP100418,Miami,Chicago,1648.0,7470.0,LTL,FedEx,13,0.42,0,3110.05,3211.9865999999984
SHP100419,Atlanta,Chicago,1774.0,14687.0,LTL,USPS,5,0.31,0,3925.46,3898.2415000000037
SHP100420,Miami,Houston,1626.0,9657.0,LTL,USPS,7,0.37,1,3682.64,3639.5743000000057
SHP100421,New York,Houston,2083.0,11835.0,Truckload,DHL Express,13,0.25,0,5818.04,5803.418799999994
SHP100422,New York,Miami,1641.0,1018.0,Air Freight,USPS,4,0.27,0,5723.18,5897.835200000001
SHP100423,Miami,Chicago,1522.0,418.0,LTL,USPS,7,0.19,0,2411.95,2461.075900000003
SHP100424,Chicago,Miami,1615.0,8474.0,LTL,FedEx,13,0.2,0,3240.77,3239.2092999999995
SHP100425,Houston,Chicago,1796.0,2292.0,Truckload,FedEx,1,0.4,1,4720.28,4576.362300000001
SHP100426,New York,Los Angeles,2359.0,5052.0,Air Freight,DHL Express,7,0.33,0,8886.84,8914.857499999993
SHP100427,Miami,Chicago,1603.0,3133.0,Truckload,USPS,8,0.25,0,3800.67,3862.242100000001
SHP100428,Miami,Houston,1693.0,8123.0,Air Freight,DHL Express,5,0.39,0,7275.48,7293.4229999999925
SHP100429,Los Angeles,Houston,2238.0,9162.0,LTL,USPS,2,0.22,0,4163.57,4161.922299999998
SHP100430,Houston,New York,1980.0,8930.0,LTL,UPS,5,0.44,0,3698.61,3738.141399999995
SHP100431,Atlanta,Chicago,1947.0,12514.0,Air Freight,UPS,6,0.25,0,8734.83,8751.82589999999
SHP100432,Chicago,Miami,1674.0,14602.0,Truckload,DHL Express,12,0.25,0,5180.28,5314.3607999999995
SHP100433,Atlanta,New York,1879.0,13372.0,LTL,DHL Express,2,0.24,1,4369.3,4333.536199999995
SHP100434,Houston,New York,1986.0,1519.0,Truckload,DHL Express,6,0.19,0,4462.15,4445.681500000006
SHP100435,Houston,Chicago,1883.0,4775.0,Air Freight,FedEx,6,0.18,1,7974.95,7655.203899999999
SHP100436,Houston,New York,1979.0,4309.0,Truckload,FedEx,1,0.34,0,4835.26,4699.384399999998
SHP100437,Atlanta,Miami,1551.0,3672.0,Truckload,FedEx,1,0.41,0,3870.21,3851.206000000003
SHP100438,Houston,New York,1852.0,10342.0,LTL,DHL Express,11,0.39,0,3739.85,3701.9716999999987
SHP100439,Miami,Atlanta,1663.0,10507.0,Truckload,USPS,10,0.19,0,4746.27,4793.865299999999
SHP100440,Atlanta,Chicago,1797.0,12031.0,Truckload,UPS,3,0.31,0,5273.79,5287.876399999993
SHP100441,Houston,Los Angeles,2234.0,873.0,Air Freight,DHL Express,10,0.18,0,7567.36,7810.066099999993
SHP100442,Miami,New York,1935.0,3481.0,Air Freight,FedEx,10,0.16,0,6637.58,6958.846199999995
SHP100443,Los Angeles,Houston,2350.0,6578.0,Air Freight,FedEx,12,0.35,1,9757.27,9704.657700000009
SHP100444,Houston,Miami,1720.0,4201.0,LTL,DHL Express,3,0.31,0,3071.02,3017.0727
SHP100445,Atlanta,New York,1893.0,4263.0,Truckload,DHL Express,4,0.17,0,4498.9,4679.532299999999
SHP100446,New York,Atlanta,2012.0,7470.0,Truckload,FedEx,2,0.16,1,5602.35,5451.127899999995
SHP100447,Houston,Los Angeles,2264.0,9039.0,Truckload,USPS,9,0.45,0,5912.22,5922.8555999999935
SHP100448,New York,Los Angeles,2544.0,829.0,Truckload,FedEx,10,0.16,0,5437.98,5435.640999999998
SHP100449,Miami,Los Angeles,2106.0,11092.0,Air Freight,FedEx,12,0.28,0,8971.11,8971.476499999995
SHP100450,Los Angeles,New York,2459.0,2942.0,LTL,DHL Express,11,0.3,0,3995.96,4005.514600000002
SHP100451,Chicago,New York,2038.0,5584.0,Truckload,USPS,7,0.19,0,4949.42,4954.934000000001
SHP100452,Los Angeles,Houston,2455.0,10135.0,LTL,FedEx,7,0.2,1,4866.54,4837.421299999996
SHP100453,Houston,Atlanta,1935.0,3356.0,LTL,FedEx,6,0.26,0,3069.95,3109.126800000004
SHP100454,New York,Atlanta,2021.0,2952.0,Truckload,UPS,3,0.38,0,4797.92,4786.4887999999955
SHP100455,New York,Miami,1673.0,13045.0,Truckload,DHL Express,6,0.3,0,5179.99,5225.143499999995
SHP100456,Atlanta,New York,1880.0,13441.0,LTL,UPS,12,0.34,0,3946.58,3935.927
SHP100457,New York,Houston,2085.0,3768.0,LTL,UPS,8,0.45,0,3580.07,3538.7908000000025
SHP100458,Atlanta,Miami,1536.0,71.0,Truckload,FedEx,8,0.38,0,3343.73,3499.649499999998
SHP100459,Miami,Los Angeles,2099.0,1550.0,LTL,DHL Express,11,0.28,0,3277.74,3349.268799999999
SHP100460,Chicago,Los Angeles,2305.0,9084.0,LTL,USPS,13,0.28,0,4104.2,4118.259900000004
SHP100461,Houston,Atlanta,1939.0,10002.0,LTL,FedEx,9,0.34,0,3859.99,3843.166399999996
SHP100462,Atlanta,Chicago,1806.0,3691.0,LTL,USPS,1,0.35,0,3090.1,3190.920800000001
SHP100463,Chicago,Atlanta,1839.0,5262.0,LTL,USPS,1,0.3,0,3286.82,3294.471800000003
SHP100464,New York,Miami,1678.0,241.0,LTL,DHL Express,3,0.34,0,2614.42,2618.2860000000037
SHP100465,New York,Chicago,1935.0,13356.0,LTL,UPS,3,0.16,0,4031.91,4011.8376999999946
SHP100466,Chicago,Miami,1595.0,13464.0,Air Freight,DHL Express,10,0.28,1,8554.01,8330.320600000001
SHP100467,New York,Los Angeles,2373.0,8637.0,Truckload,USPS,8,0.23,0,5944.22,5952.624499999992
SHP100468,Miami,Chicago,1563.0,7224.0,Truckload,FedEx,10,0.19,0,4195.05,4184.787099999996
SHP100469,Miami,Atlanta,1545.0,5164.0,LTL,USPS,1,0.18,0,2769.85,2784.7927000000013
SHP100470,Chicago,Los Angeles,2380.0,4712.0,LTL,FedEx,13,0.33,0,3941.28,3979.2527000000064
SHP100471,Atlanta,Houston,1856.0,4376.0,Truckload,FedEx,2,0.31,1,4935.78,4957.4911000000075
SHP100472,Atlanta,New York,2066.0,9115.0,LTL,DHL Express,2,0.23,0,3846.82,3849.755500000004
SHP100473,Chicago,Houston,1935.0,10863.0,LTL,USPS,3,0.29,1,4162.02,4166.040600000001
SHP100474,Atlanta,New York,2078.0,4385.0,Truckload,UPS,13,0.3,0,4824.06,4910.761899999999
SHP100475,Atlanta,New York,1879.0,8331.0,Truckload,USPS,6,0.21,0,4907.59,4970.509600000008
SHP100476,Miami,Los Angeles,2040.0,7470.0,LTL,USPS,1,0.35,1,4364.57,4228.274000000006
SHP100477,Atlanta,Miami,1687.0,8698.0,LTL,UPS,2,0.38,0,3333.53,3333.4573000000037
SHP100478,Los Angeles,Miami,2087.0,10522.0,Truckload,DHL Express,13,0.39,0,5732.92,5745.011799999997
SHP100479,Houston,New York,1904.0,12691.0,LTL,USPS,13,0.33,0,4009.61,3930.8847999999975
SHP100480,New York,Houston,1916.0,9246.0,Truckload,USPS,1,0.3,1,5662.98,5570.724499999994
SHP100481,Los Angeles,Houston,2350.0,13694.0,Truckload,FedEx,5,0.17,1,7041.9,6894.529500000007
SHP100482,Atlanta,Houston,1732.0,12776.0,Air Freight,USPS,13,0.24,0,8099.97,8055.534199999991
SHP100483,Miami,Atlanta,1515.0,5544.0,LTL,UPS,13,0.18,1,3084.38,2978.4988000000026
SHP100484,Chicago,New York,1906.0,8586.0,Air Freight,FedEx,7,0.44,0,7970.58,8017.507099999991
SHP100485,Atlanta,Miami,1615.0,2761.0,Truckload,DHL Express,8,0.19,0,3794.33,3846.9397
SHP100486,Miami,Atlanta,1641.0,7645.0,LTL,FedEx,10,0.2,0,3123.27,3176.1230000000005
SHP100487,Houston,Atlanta,1782.0,12994.0,LTL,UPS,1,0.42,0,3832.81,3829.1393
SHP100488,Atlanta,Chicago,1927.0,6323.0,Truckload,UPS,7,0.43,0,4921.29,4907.878899999993
SHP100489,Chicago,Atlanta,1772.0,6334.0,LTL,FedEx,13,0.38,0,3203.34,3209.9704000000033
SHP100490,Miami,Chicago,1677.0,10704.0,LTL,DHL Express,5,0.15,0,3391.13,3440.5640000000008
SHP100491,Miami,New York,1795.0,9358.0,LTL,FedEx,10,0.15,0,3486.3,3479.1078999999972
SHP100492,Miami,Chicago,1538.0,8867.0,Air Freight,DHL Express,1,0.26,0,6917.58,7030.395799999994
SHP100493,Houston,Atlanta,1771.0,12621.0,Truckload,FedEx,3,0.19,0,5197.93,5407.1501
SHP100494,Atlanta,Miami,1693.0,10221.0,Truckload,UPS,7,0.16,0,4829.11,4884.248000000004
SHP100495,Houston,Chicago,1970.0,4044.0,LTL,USPS,10,0.29,0,3258.35,3290.232199999998
SHP100496,New York,Chicago,2077.0,1728.0,LTL,USPS,1,0.43,0,3354.87,3381.5909999999985
SHP100497,New York,Houston,2043.0,8464.0,Truckload,DHL Express,7,0.25,0,5314.65,5356.648300000005
SHP100498,Atlanta,Miami,1500.0,793.0,LTL,DHL Express,5,0.35,1,2754.81,2645.888200000001
SHP100499,Houston,New York,1952.0,512.0,LTL,DHL Express,1,0.35,0,3060.93,3243.9604000000004
SHP100500,Chicago,Atlanta,1827.0,1618.0,Truckload,UPS,1,0.23,0,4241.62,4268.415699999997
SHP100501,Miami,New York,1827.0,11589.0,Air Freight,FedEx,1,0.35,1,9072.5,8979.3025
SHP100502,Miami,Atlanta,1635.0,14043.0,Truckload,UPS,11,0.21,0,5193.52,5273.843500000004
SHP100503,Atlanta,Chicago,1814.0,13501.0,Truckload,USPS,9,0.19,1,5904.4,5755.5729000000065
SHP100504,New York,Chicago,1949.0,14742.0,Air Freight,DHL Express,11,0.36,0,9183.44,9199.322899999983
SHP100505,New York,Miami,1713.0,1786.0,LTL,FedEx,13,0.18,0,2769.16,2763.4506000000006
SHP100506,Miami,Chicago,1669.0,13384.0,Truckload,USPS,3,0.45,0,5315.92,5326.978799999996
SHP100507,Atlanta,Chicago,1775.0,12281.0,Air Freight,USPS,13,0.21,0,8058.39,8203.616400000006
SHP100508,Houston,Chicago,1773.0,7953.0,LTL,USPS,5,0.33,0,3347.67,3376.6034000000004
SHP100509,New York,Atlanta,1871.0,12193.0,Truckload,UPS,11,0.27,0,5338.38,5389.039100000002
SHP100510,Houston,Atlanta,1910.0,7052.0,Truckload,DHL Express,10,0.19,0,4861.77,4824.135100000005
SHP100511,New York,Houston,2036.0,8906.0,Truckload,USPS,12,0.16,1,5713.69,5661.524799999998
SHP100512,New York,Los Angeles,2551.0,1406.0,Truckload,DHL Express,9,0.34,0,5579.21,5563.884300000004
SHP100513,Los Angeles,Miami,2083.0,1064.0,Air Freight,UPS,6,0.39,0,7343.84,8052.071299999994
SHP100514,New York,Miami,1844.0,10374.0,Truckload,USPS,12,0.4,0,5150.02,5202.589800000005
SHP100515,Chicago,Miami,1614.0,10910.0,LTL,UPS,9,0.29,0,3362.93,3376.1056999999973
SHP100516,Atlanta,Los Angeles,2333.0,1104.0,Air Freight,UPS,8,0.38,1,8787.96,8919.639199999998
SHP100517,Atlanta,Houston,1935.0,1814.0,LTL,DHL Express,8,0.35,0,2916.1,2992.709700000001
SHP100518,Houston,Los Angeles,2217.0,14625.0,LTL,USPS,1,0.37,0,4566.49,4572.819299999996
SHP100519,New York,Miami,1707.0,6059.0,LTL,UPS,13,0.3,0,3187.96,3173.905900000002
SHP100520,Chicago,Los Angeles,2266.0,4508.0,LTL,USPS,9,0.34,0,3906.34,3887.8046000000036
SHP100521,Houston,Chicago,1840.0,11111.0,LTL,DHL Express,6,0.39,1,4116.43,4119.972999999999
SHP100522,Los Angeles,Atlanta,2282.0,9654.0,Air Freight,UPS,9,0.27,0,9327.97,9069.087199999998
SHP100523,Houston,Atlanta,1935.0,7470.0,Truckload,DHL Express,3,0.39,0,4168.2,4475.986800000003
SHP100524,Houston,Los Angeles,2229.0,3420.0,Truckload,USPS,12,0.33,1,5665.58,5688.034999999999
SHP100525,New York,Atlanta,2081.0,6026.0,LTL,USPS,3,0.2,1,3988.26,3858.974900000003
SHP100526,Los Angeles,Miami,1994.0,1444.0,Air Freight,DHL Express,6,0.16,0,6925.71,7387.132599999995
SHP100527,Houston,Miami,1508.0,8340.0,Air Freight,FedEx,9,0.26,0,6564.25,6887.660199999997
SHP100528,Chicago,Houston,1734.0,14432.0,Truckload,UPS,7,0.31,0,5402.61,5455.911300000002
SHP100529,Chicago,Miami,1935.0,4120.0,LTL,USPS,13,0.4,0,2792.4,3289.7180000000003
SHP100530,Atlanta,New York,2056.0,7032.0,LTL,USPS,3,0.19,1,4006.01,4003.8156000000045
SHP100531,Los Angeles,Houston,2337.0,8663.0,LTL,UPS,3,0.39,0,4274.21,4252.684600000004
SHP100532,Los Angeles,New York,2401.0,5649.0,LTL,DHL Express,2,0.41,0,4094.74,4153.798799999997
SHP100533,Atlanta,Chicago,1940.0,3700.0,LTL,DHL Express,9,0.2,0,3213.55,3262.942799999998
SHP100534,Houston,New York,2064.0,12399.0,Air Freight,DHL Express,13,0.41,0,9158.58,9140.242799999996
SHP100535,Los Angeles,Chicago,2364.0,9374.0,LTL,FedEx,3,0.45,0,4369.71,4357.241500000005
SHP100536,Chicago,New York,1889.0,9944.0,LTL,FedEx,11,0.37,0,3690.03,3738.4718000000057
SHP100537,Chicago,Los Angeles,2433.0,3670.0,LTL,USPS,5,0.39,0,3951.22,3990.8372999999924
SHP100538,New York,Houston,1875.0,7470.0,LTL,DHL Express,9,0.45,0,3181.36,3287.5662999999936
SHP100539,Los Angeles,Miami,1996.0,8839.0,LTL,UPS,8,0.33,0,3775.33,3802.276099999998
SHP100540,Houston,Miami,1679.0,441.0,LTL,USPS,2,0.24,0,2625.03,2624.3596
SHP100541,Atlanta,Chicago,1812.0,1125.0,LTL,UPS,3,0.4,0,2923.89,2918.418600000005
SHP100542,Atlanta,Chicago,1857.0,2700.0,Truckload,USPS,2,0.33,0,4368.62,4595.162000000004
SHP100543,Houston,Los Angeles,2387.0,13650.0,Air Freight,FedEx,8,0.32,0,10363.06,9910.739800000003
SHP100544,Miami,Houston,1659.0,14367.0,LTL,USPS,6,0.23,0,3654.48,3655.805099999999
SHP100545,New York,Los Angeles,2486.0,2434.0,LTL,FedEx,6,0.38,0,4076.67,4026.851999999997
SHP100546,Atlanta,Chicago,1896.0,859.0,Air Freight,USPS,12,0.17,0,6443.73,6636.013199999998
SHP100547,Los Angeles,Miami,2157.0,8097.0,LTL,DHL Express,9,0.43,0,3962.06,3986.199199999999
SHP100548,New York,Houston,2018.0,11551.0,LTL,UPS,8,0.25,1,4405.67,4203.623699999997
SHP100549,Los Angeles,New York,2362.0,5551.0,Air Freight,DHL Express,4,0.19,0,9040.16,8800.039199999997
SHP100550,Chicago,Houston,1940.0,11980.0,LTL,USPS,12,0.28,0,3861.4,3876.4370000000026
SHP100551,New York,Los Angeles,2558.0,6945.0,Truckload,USPS,4,0.16,1,6707.62,6326.360199999996
SHP100552,Atlanta,New York,2060.0,1209.0,Truckload,USPS,9,0.36,0,4533.17,4575.003199999997
SHP100553,New York,Chicago,1946.0,7470.0,LTL,FedEx,1,0.42,0,3636.37,3622.065099999997
SHP100554,New York,Houston,1960.0,1581.0,LTL,UPS,13,0.4,0,3101.07,3214.1269000000025
SHP100555,New York,Houston,1865.0,5531.0,Truckload,UPS,2,0.19,1,5093.97,5057.901599999996
SHP100556,Miami,Atlanta,1512.0,7598.0,LTL,USPS,2,0.19,0,2976.38,3055.9838000000022
SHP100557,New York,Miami,1744.0,5026.0,LTL,USPS,13,0.39,0,3027.53,3058.4707000000026
SHP100558,Los Angeles,Chicago,2235.0,5745.0,Truckload,FedEx,13,0.43,0,5462.5,5499.3396999999995
SHP100559,Chicago,New York,1945.0,10924.0,Truckload,DHL Express,6,0.29,1,5913.51,5473.312699999996
SHP100560,Houston,Atlanta,1741.0,8495.0,LTL,DHL Express,4,0.3,0,3413.06,3416.1099999999983
SHP100561,New York,Miami,1681.0,3598.0,Air Freight,UPS,13,0.25,0,6271.66,6251.526599999998
SHP100562,Atlanta,New York,1982.0,11427.0,LTL,FedEx,11,0.42,0,3950.54,3922.0819999999962
SHP100563,New York,Houston,1955.0,6213.0,Air Freight,USPS,10,0.34,0,7712.48,7737.552599999993
SHP100564,Atlanta,Chicago,1949.0,6721.0,Truckload,UPS,13,0.24,0,4843.04,4806.445099999996
SHP100565,Los Angeles,Houston,2326.0,5314.0,Truckload,FedEx,3,0.24,0,5557.04,5555.099599999995
SHP100566,Atlanta,Los Angeles,2406.0,1281.0,LTL,DHL Express,3,0.42,1,4121.5,4071.0677999999984
SHP100567,Houston,Atlanta,1906.0,2473.0,Air Freight,FedEx,3,0.15,0,6838.31,6992.7717000000075
SHP100568,Chicago,Miami,1515.0,11817.0,LTL,DHL Express,6,0.25,0,3217.17,3289.0418999999993
SHP100569,Atlanta,Chicago,1862.0,8121.0,Truckload,FedEx,8,0.32,0,4993.28,4987.686700000008
SHP100570,Atlanta,Los Angeles,1935.0,4311.0,LTL,UPS,11,0.19,0,3681.94,3399.6362000000013
SHP100571,Chicago,New York,2056.0,9815.0,LTL,DHL Express,7,0.18,0,3969.75,3921.5466999999994
SHP100572,Houston,New York,1862.0,2958.0,LTL,UPS,4,0.39,0,3192.64,3158.8493000000053
SHP100573,New York,Atlanta,2005.0,4762.0,Air Freight,UPS,11,0.42,0,7569.99,7717.826899999994
SHP100574,Atlanta,New York,2010.0,6805.0,Air Freight,DHL Express,12,0.4,0,7934.6,8103.345299999989
SHP100575,Chicago,New York,1956.0,9867.0,LTL,DHL Express,4,0.42,0,3954.78,3924.9983000000066
SHP100576,Los Angeles,Chicago,2232.0,12240.0,LTL,USPS,11,0.32,1,4803.39,4714.439300000005
SHP100577,Chicago,Miami,1586.0,3933.0,Truckload,USPS,10,0.39,1,4397.86,4387.295099999993
SHP100578,Los Angeles,Houston,2444.0,3565.0,LTL,USPS,11,0.27,0,3989.58,4032.0457999999967
SHP100579,Houston,Los Angeles,2227.0,3453.0,LTL,UPS,11,0.35,0,3642.0,3680.3552
SHP100580,New York,Los Angeles,2571.0,4648.0,Truckload,UPS,11,0.45,0,6018.16,5987.965999999997
SHP100581,Chicago,Atlanta,1846.0,5058.0,Truckload,USPS,2,0.22,1,5029.2,4995.546700000006
SHP100582,Miami,Los Angeles,1999.0,6272.0,Air Freight,UPS,1,0.27,0,7827.03,7851.015200000013
SHP100583,Atlanta,Miami,1515.0,12922.0,LTL,UPS,9,0.29,1,3684.04,3762.2831999999985
SHP100584,Houston,New York,1993.0,10200.0,LTL,DHL Express,12,0.19,0,3834.8,3931.0735999999993
SHP100585,Chicago,Los Angeles,2414.0,4059.0,Truckload,DHL Express,12,0.17,1,5967.73,5900.584999999993
SHP100586,Atlanta,Miami,1528.0,2785.0,Truckload,UPS,2,0.4,1,4208.73,4169.578999999999
SHP100587,Chicago,Atlanta,1890.0,4541.0,Truckload,USPS,13,0.44,1,5029.13,5046.831500000003
SHP100588,Los Angeles,Miami,2123.0,13969.0,Truckload,FedEx,8,0.27,0,6068.61,6116.441599999994
SHP100589,Chicago,Atlanta,1905.0,7470.0,LTL,USPS,9,0.18,0,4079.08,3403.754299999998
SHP100590,Miami,Atlanta,1682.0,11416.0,Air Freight,FedEx,4,0.17,0,7746.73,7781.927099999997
SHP100591,Chicago,Miami,1730.0,8643.0,LTL,USPS,8,0.42,0,3393.51,3386.146300000003
SHP100592,Chicago,New York,2015.0,1024.0,LTL,DHL Express,9,0.29,0,3206.22,3229.8991999999957
SHP100593,Miami,New York,1739.0,273.0,Truckload,UPS,10,0.25,0,3792.37,3831.760599999996
SHP100594,Houston,Miami,1602.0,4663.0,LTL,UPS,10,0.29,0,2919.04,2886.8985000000002
SHP100595,Chicago,Miami,1623.0,6827.0,LTL,DHL Express,5,0.25,0,3053.82,3135.4500000000007
SHP100596,Miami,Los Angeles,2015.0,8477.0,Air Freight,FedEx,13,0.3,0,8219.47,8314.716899999987
SHP100597,Atlanta,New York,1935.0,11740.0,LTL,FedEx,7,0.41,0,3831.2,3873.2609000000025
SHP100598,Los Angeles,Houston,2375.0,4261.0,Truckload,FedEx,10,0.33,1,6001.58,5900.162899999999
SHP100599,Los Angeles,New York,2435.0,11476.0,LTL,DHL Express,4,0.36,0,4694.24,4674.670900000003
SHP100600,Chicago,Houston,1945.0,275.0,Truckload,FedEx,1,0.26,0,4313.45,4351.922300000005
SHP100601,Houston,Miami,1635.0,10519.0,LTL,DHL Express,3,0.37,0,3464.48,3379.749500000001
SHP100602,Houston,Miami,1644.0,8233.0,LTL,USPS,5,0.35,1,3506.7,3519.7982000000047
SHP100603,Atlanta,Chicago,1898.0,4327.0,Air Freight,USPS,3,0.19,0,7245.51,7245.622100000005
SHP100604,Chicago,Houston,1801.0,1391.0,Truckload,DHL Express,12,0.32,0,3944.69,4112.408199999997
SHP100605,Los Angeles,Atlanta,2429.0,4086.0,LTL,UPS,13,0.23,0,4020.35,4019.260399999995
SHP100606,Houston,Chicago,1803.0,8451.0,LTL,USPS,11,0.39,0,3446.88,3426.285000000002
SHP100607,Chicago,Houston,1746.0,3777.0,Air Freight,FedEx,7,0.28,0,6642.31,6671.148900000009
SHP100608,Houston,Los Angeles,2456.0,13753.0,Truckload,DHL Express,12,0.45,1,7208.06,7005.476900000009
SHP100609,Miami,Chicago,1679.0,3978.0,Truckload,FedEx,9,0.18,1,4594.01,4561.040900000004
SHP100610,Houston,Miami,1646.0,14481.0,Truckload,FedEx,12,0.38,0,5129.73,5177.496699999995
SHP100611,Los Angeles,Houston,2395.0,13231.0,LTL,UPS,6,0.35,0,4691.15,4685.552400000005
SHP100612,New York,Miami,1679.0,14219.0,LTL,FedEx,13,0.38,0,3688.16,3679.9578999999953
SHP100613,Atlanta,Chicago,1935.0,2853.0,Truckload,UPS,10,0.24,0,4375.84,4577.434300000001
SHP100614,Atlanta,Miami,1639.0,9351.0,LTL,USPS,1,0.3,0,3333.88,3328.133500000002
SHP100615,Los Angeles,New York,2575.0,6608.0,LTL,DHL Express,7,0.39,0,4536.66,4447.928399999993
SHP100616,Houston,Atlanta,1735.0,10268.0,Air Freight,FedEx,3,0.22,1,8625.63,8432.346500000003
SHP100617,Chicago,Houston,1755.0,443.0,Truckload,DHL Express,5,0.22,1,4343.24,4318.247799999998
SHP100618,Houston,Atlanta,1896.0,6889.0,Truckload,FedEx,10,0.32,0,4900.3,4855.801499999996
SHP100619,Los Angeles,Miami,2109.0,9085.0,Truckload,DHL Express,4,0.31,0,5578.03,5657.985000000006
SHP100620,Atlanta,Los Angeles,2308.0,9766.0,Truckload,FedEx,10,0.23,0,6005.88,6060.756300000003
SHP100621,Houston,Miami,1631.0,8845.0,LTL,FedEx,5,0.24,0,3230.15,3278.0545000000006
SHP100622,Atlanta,New York,1871.0,631.0,LTL,FedEx,5,0.23,0,2943.21,2965.3498999999997
SHP100623,Chicago,New York,1900.0,14380.0,LTL,FedEx,6,0.38,0,4125.59,4062.0047000000022
SHP100624,Atlanta,Los Angeles,2360.0,10181.0,LTL,FedEx,10,0.35,1,4730.45,4681.038400000006
SHP100625,Atlanta,New York,2025.0,182.0,Truckload,FedEx,12,0.4,0,4365.65,4446.134900000005
SHP100626,New York,Los Angeles,2528.0,2888.0,LTL,FedEx,10,0.44,0,4082.01,4078.1834999999965
SHP100627,New York,Houston,1953.0,3435.0,LTL,FedEx,13,0.29,0,3286.84,3286.5699000000022
SHP100628,Miami,Atlanta,1667.0,3820.0,LTL,FedEx,13,0.17,0,2793.78,2830.975400000001
SHP100629,New York,Los Angeles,2418.0,2318.0,LTL,DHL Express,11,0.16,0,3816.22,3865.7138999999943
SHP100630,Atlanta,Houston,1870.0,1025.0,LTL,UPS,6,0.24,0,3047.54,3022.782799999999
SHP100631,Los Angeles,New York,2542.0,7655.0,LTL,FedEx,8,0.43,0,4546.68,4517.503899999995
SHP100632,Atlanta,Miami,1722.0,7263.0,LTL,UPS,8,0.31,0,3310.65,3307.6108000000036
SHP100633,Los Angeles,Miami,2107.0,10055.0,LTL,FedEx,11,0.23,0,4001.65,4026.7317000000044
SHP100634,Los Angeles,Atlanta,2454.0,11505.0,LTL,FedEx,9,0.27,1,5002.14,4945.9034000000065
SHP100635,New York,Los Angeles,2512.0,9785.0,Truckload,DHL Express,8,0.33,0,6486.78,6269.168200000002
SHP100636,Houston,Miami,1498.0,2885.0,LTL,USPS,13,0.35,0,2628.11,2803.238600000001
SHP100637,Chicago,Houston,1808.0,2788.0,LTL,USPS,11,0.2,0,2891.82,2933.362000000003
SHP100638,New York,Chicago,1901.0,9599.0,Truckload,DHL Express,2,0.44,0,5194.12,5195.271999999997
SHP100639,New York,Chicago,1979.0,4184.0,LTL,UPS,12,0.31,0,3415.19,3385.142100000001
SHP100640,Houston,Chicago,1882.0,9558.0,Air Freight,USPS,10,0.19,1,8746.93,8612.296000000011
SHP100641,Chicago,Los Angeles,2222.0,6883.0,Truckload,DHL Express,12,0.42,1,5984.93,5957.098900000001
SHP100642,Atlanta,Houston,1955.0,8403.0,LTL,DHL Express,11,0.17,0,3579.55,3548.9253999999955
SHP100643,Miami,Atlanta,1540.0,1959.0,Truckload,USPS,1,0.42,0,3641.23,3781.6135
SHP100644,Miami,Los Angeles,1935.0,9369.0,LTL,UPS,10,0.45,0,4001.16,3850.021399999999
SHP100645,Atlanta,Los Angeles,2243.0,14546.0,Truckload,DHL Express,2,0.36,0,6573.34,6517.391400000001
SHP100646,New York,Los Angeles,2364.0,12112.0,LTL,FedEx,2,0.38,0,4611.75,4613.5833999999995
SHP100647,Chicago,New York,2079.0,9900.0,Air Freight,UPS,12,0.25,0,8679.8,8667.535200000006
SHP100648,New York,Los Angeles,2460.0,11367.0,LTL,UPS,3,0.43,0,4723.82,4751.603000000002
SHP100649,Los Angeles,Atlanta,2443.0,2013.0,Truckload,USPS,10,0.31,0,5454.85,5453.099600000003
SHP100650,New York,Atlanta,1969.0,5203.0,Truckload,USPS,7,0.37,0,4886.97,4821.257899999998
SHP100651,New York,Miami,1796.0,10531.0,LTL,FedEx,2,0.43,1,4070.99,4030.496399999996
SHP100652,Atlanta,Miami,1559.0,1016.0,LTL,DHL Express,1,0.44,0,2546.44,2674.3562000000006
SHP100653,Atlanta,Houston,1976.0,939.0,Truckload,USPS,6,0.4,0,4383.04,4414.365399999994
SHP100654,Atlanta,Houston,1905.0,7470.0,Air Freight,USPS,9,0.24,0,8999.8,8401.735200000006
SHP100655,Miami,Houston,1681.0,3111.0,LTL,UPS,3,0.44,0,2885.6,2888.315200000001
SHP100656,Los Angeles,New York,2570.0,6511.0,Truckload,USPS,6,0.34,0,6209.3,6000.383799999999
SHP100657,Atlanta,Houston,1876.0,6216.0,Air Freight,USPS,3,0.43,0,7582.6,7621.976099999992
SHP100658,Chicago,Houston,1796.0,11871.0,Air Freight,USPS,13,0.35,1,8964.87,8891.833399999998
SHP100659,Miami,Chicago,1699.0,7017.0,LTL,USPS,1,0.24,0,3137.91,3165.3158999999996
SHP100660,Houston,Atlanta,1935.0,11431.0,Truckload,UPS,13,0.26,0,5223.2,5396.405999999996
SHP100661,Chicago,New York,1935.0,10990.0,LTL,FedEx,12,0.32,0,3809.58,3826.7103
SHP100662,Chicago,Los Angeles,2325.0,9908.0,Air Freight,FedEx,5,0.39,0,9638.99,9243.954400000004
SHP100663,Atlanta,Chicago,1933.0,11308.0,LTL,DHL Express,10,0.25,0,3892.45,3927.7410000000036
SHP100664,Houston,New York,1982.0,8151.0,LTL,USPS,13,0.32,1,4097.34,4056.4254000000055
SHP100665,Houston,Los Angeles,2276.0,7429.0,Truckload,UPS,11,0.25,0,5716.23,5654.412899999995
SHP100666,Miami,New York,1748.0,9683.0,LTL,DHL Express,4,0.39,0,3577.84,3557.8603000000016
SHP100667,Houston,New York,1970.0,7330.0,Air Freight,DHL Express,7,0.29,0,8019.95,8051.1796999999915
SHP100668,Los Angeles,Miami,1935.0,7470.0,Air Freight,FedEx,6,0.17,0,7129.47,7956.373199999999
SHP100669,Atlanta,Houston,1925.0,4273.0,Truckload,UPS,10,0.2,1,5073.77,5039.538200000003
SHP100670,Houston,Atlanta,1926.0,11165.0,LTL,UPS,7,0.17,1,4224.18,4156.957099999999
SHP100671,Miami,Los Angeles,2098.0,12495.0,Truckload,UPS,5,0.3,0,5950.32,5972.083299999996
SHP100672,Los Angeles,Houston,2300.0,12098.0,LTL,FedEx,4,0.18,0,4454.93,4512.616299999997
SHP100673,New York,Atlanta,1941.0,9068.0,LTL,FedEx,7,0.18,0,3709.11,3726.180499999994
SHP100674,New York,Miami,1672.0,14228.0,Air Freight,FedEx,7,0.43,0,8278.43,8117.146500000007
SHP100675,Los Angeles,Atlanta,2238.0,4657.0,LTL,FedEx,6,0.41,1,4131.23,4056.0983999999967
SHP100676,Miami,Atlanta,1935.0,4035.0,LTL,FedEx,8,0.29,0,3012.42,3138.3581000000017
SHP100677,Los Angeles,Houston,2221.0,10334.0,Air Freight,USPS,4,0.45,0,9390.26,9077.936999999994
SHP100678,Atlanta,Chicago,1806.0,3229.0,LTL,USPS,10,0.15,0,3099.21,3002.5743000000007
SHP100679,Atlanta,Los Angeles,2250.0,14604.0,LTL,UPS,5,0.33,1,4898.67,4708.7956
SHP100680,New York,Houston,1979.0,4588.0,Air Freight,DHL Express,4,0.33,0,7526.64,7606.921600000005
SHP100681,Houston,New York,1886.0,12143.0,LTL,UPS,12,0.29,0,3855.61,3875.7636999999945
SHP100682,Miami,New York,1782.0,2412.0,Truckload,DHL Express,1,0.27,0,4217.39,4182.613900000006
SHP100683,New York,Los Angeles,2537.0,2274.0,Air Freight,FedEx,12,0.29,1,9606.83,9302.426299999988
SHP100684,Houston,New York,2025.0,6421.0,Air Freight,DHL Express,8,0.27,0,7964.62,8050.217699999996
SHP100685,Houston,Miami,1513.0,1776.0,Truckload,UPS,1,0.37,0,3526.18,3580.3085999999957
SHP100686,Atlanta,Houston,1828.0,10248.0,LTL,UPS,5,0.19,0,3581.38,3598.3506000000025
SHP100687,Chicago,New York,1999.0,5841.0,LTL,DHL Express,6,0.21,0,3542.34,3431.4821999999986
SHP100688,Chicago,Houston,1829.0,8123.0,Air Freight,USPS,6,0.2,0,7554.77,7710.962200000008
SHP100689,Los Angeles,Miami,2108.0,8508.0,Air Freight,FedEx,13,0.23,1,9256.19,9461.432199999992
SHP100690,Atlanta,Chicago,1935.0,7063.0,Truckload,FedEx,5,0.31,0,5086.68,4912.142199999995
SHP100691,Houston,Miami,1547.0,887.0,LTL,UPS,3,0.18,0,2440.91,2515.3893000000016
SHP100692,Miami,Atlanta,1663.0,4634.0,LTL,USPS,5,0.41,0,3061.31,2925.785
SHP100693,Chicago,Houston,1758.0,7470.0,LTL,DHL Express,12,0.24,0,3785.3,3607.8518999999965
SHP100694,Houston,Atlanta,1892.0,7470.0,Truckload,FedEx,8,0.2,1,4552.48,4842.167699999994
SHP100695,Chicago,Los Angeles,2449.0,11603.0,LTL,USPS,2,0.35,0,4647.33,4649.616500000005
SHP100696,Chicago,Atlanta,1975.0,13333.0,Air Freight,FedEx,6,0.16,0,8878.4,8918.27800000001
SHP100697,Chicago,Houston,1872.0,406.0,Truckload,USPS,9,0.34,0,4052.62,4362.397100000002
SHP100698,Miami,Los Angeles,2029.0,12057.0,LTL,USPS,8,0.36,0,4123.1,4045.1433999999963
SHP100699,Atlanta,Los Angeles,2304.0,7470.0,Truckload,UPS,11,0.21,0,5870.95,5766.4929
SHP100700,Miami,Chicago,1531.0,10215.0,LTL,FedEx,8,0.16,0,3199.89,3221.523400000005
SHP100701,New York,Atlanta,2082.0,14589.0,Truckload,DHL Express,8,0.26,0,6018.72,5956.317499999991
SHP100702,Houston,Atlanta,1772.0,4697.0,Truckload,UPS,13,0.18,0,4328.53,4297.161400000008
SHP100703,Atlanta,Miami,1697.0,10052.0,Air Freight,UPS,7,0.18,0,7489.8,7578.801500000004
SHP100704,Atlanta,Miami,1563.0,4468.0,Air Freight,DHL Express,8,0.23,0,6116.09,6137.127800000003
SHP100705,Atlanta,Miami,1666.0,10883.0,LTL,UPS,13,0.24,1,3765.16,3720.4890999999957
SHP100706,Atlanta,Los Angeles,2401.0,10470.0,LTL,USPS,6,0.31,0,4443.83,4507.000200000003
SHP100707,Miami,Houston,1649.0,6692.0,Truckload,USPS,2,0.35,0,4339.09,4315.920700000008
SHP100708,Atlanta,Los Angeles,2273.0,3441.0,LTL,FedEx,2,0.33,0,3820.68,3795.6611999999964
SHP100709,Los Angeles,Chicago,2452.0,12420.0,LTL,FedEx,8,0.19,0,4714.95,4741.5643000000055
SHP100710,Houston,Miami,1491.0,10592.0,LTL,DHL Express,11,0.2,0,3191.56,3228.828499999999
SHP100711,Atlanta,Los Angeles,2361.0,4407.0,Truckload,FedEx,1,0.41,0,5618.82,5634.4145
SHP100712,Houston,Los Angeles,2424.0,4929.0,LTL,USPS,6,0.32,0,4099.55,4091.312899999994
SHP100713,Los Angeles,Chicago,2275.0,7470.0,Truckload,DHL Express,13,0.41,1,5865.71,5822.7105999999985
SHP100714,Los Angeles,New York,2495.0,7470.0,Air Freight,DHL Express,6,0.26,0,10657.46,9391.048200000001
SHP100715,Houston,Atlanta,1760.0,7470.0,LTL,FedEx,11,0.33,0,2934.89,3106.369800000006
SHP100716,Chicago,Los Angeles,2324.0,13281.0,LTL,USPS,4,0.31,0,4712.17,4623.293
SHP100717,New York,Miami,1841.0,10972.0,LTL,DHL Express,12,0.25,0,3718.12,3729.9779999999973
SHP100718,Chicago,Houston,1755.0,9560.0,Air Freight,USPS,11,0.29,0,7686.73,7749.5646999999935
SHP100719,Chicago,New York,1878.0,9777.0,LTL,USPS,13,0.3,0,3677.15,3697.294000000003
SHP100720,Miami,Chicago,1684.0,4834.0,LTL,USPS,11,0.21,0,2933.51,2913.5036000000027
SHP100721,Chicago,Atlanta,1979.0,7470.0,LTL,FedEx,13,0.24,1,4212.62,4019.6625000000017
SHP100722,Atlanta,New York,1927.0,10014.0,Truckload,UPS,10,0.39,0,5293.21,5319.312500000004
SHP100723,Miami,Houston,1514.0,11451.0,LTL,UPS,3,0.42,0,3288.12,3283.2590999999975
SHP100724,Miami,Los Angeles,2017.0,13176.0,Truckload,DHL Express,13,0.26,1,6234.72,6122.756999999991
SHP100725,Los Angeles,Atlanta,2274.0,927.0,Air Freight,USPS,11,0.24,0,7722.55,7859.608000000003
SHP100726,Chicago,New York,2030.0,2920.0,LTL,FedEx,3,0.21,0,3426.35,3381.561599999998
SHP100727,Los Angeles,Chicago,2276.0,11442.0,Air Freight,USPS,13,0.35,1,10291.6,10147.372499999987
SHP100728,Houston,Miami,1735.0,12386.0,LTL,USPS,13,0.25,0,3695.89,3700.6645000000044
SHP100729,New York,Miami,1699.0,11989.0,Air Freight,FedEx,1,0.45,1,8774.72,8617.089199999988
SHP100730,Miami,Los Angeles,2115.0,11078.0,Truckload,UPS,3,0.25,0,5731.44,5869.076799999997
SHP100731,Houston,New York,1986.0,342.0,Air Freight,USPS,4,0.27,0,6853.43,7150.649700000004
SHP100732,Houston,Atlanta,1767.0,9893.0,LTL,USPS,11,0.33,1,3897.53,3839.864600000005
SHP100733,Atlanta,Los Angeles,2296.0,12873.0,LTL,UPS,11,0.39,0,4588.49,4587.9861999999985
SHP100734,New York,Miami,1758.0,12648.0,LTL,FedEx,5,0.29,0,3779.97,3776.535699999996
SHP100735,Houston,Atlanta,1978.0,8778.0,LTL,DHL Express,3,0.28,0,3854.03,3838.4058000000055
SHP100736,Houston,Miami,1554.0,14264.0,LTL,UPS,6,0.45,1,3979.56,3879.1863999999982
SHP100737,New York,Atlanta,1935.0,2736.0,LTL,DHL Express,11,0.15,1,3583.94,3417.6127000000024
SHP100738,New York,Los Angeles,2356.0,283.0,LTL,DHL Express,12,0.42,0,3628.27,3683.1405000000022
SHP100739,Houston,Los Angeles,2315.0,13570.0,LTL,UPS,5,0.19,0,4661.31,4645.818899999998
SHP100740,New York,Atlanta,1972.0,10894.0,Air Freight,USPS,3,0.39,1,9411.55,9219.084899999994
SHP100741,Houston,Chicago,1927.0,14479.0,LTL,DHL Express,6,0.34,0,4111.14,4051.421600000001
SHP100742,Houston,Chicago,1976.0,2424.0,LTL,DHL Express,6,0.25,0,3215.22,3224.7902999999974
SHP100743,Atlanta,Houston,1773.0,2322.0,LTL,FedEx,8,0.41,0,2853.9,2875.193599999999
SHP100744,Chicago,Atlanta,1829.0,1016.0,LTL,USPS,2,0.15,0,2909.54,2951.6153999999997
SHP100745,Houston,Atlanta,1757.0,939.0,Air Freight,DHL Express,1,0.22,0,6101.02,6321.3408000000045
SHP100746,Los Angeles,Chicago,2382.0,3913.0,LTL,FedEx,4,0.32,0,3963.33,3980.6055000000024
SHP100747,Miami,Chicago,1506.0,6204.0,Truckload,USPS,7,0.26,0,4024.77,3969.5631000000008
SHP100748,Chicago,Atlanta,1856.0,3450.0,Air Freight,UPS,11,0.33,1,7630.58,7543.894799999993
SHP100749,Chicago,Miami,1612.0,8276.0,Air Freight,UPS,10,0.16,0,6964.73,7208.500499999998
SHP100750,Chicago,Miami,1657.0,4592.0,Truckload,FedEx,3,0.18,0,4051.69,4090.9754000000016
SHP100751,Atlanta,New York,2099.0,3573.0,Air Freight,UPS,3,0.19,0,7758.86,7929.71109999999
SHP100752,Houston,Los Angeles,2453.0,1813.0,Air Freight,DHL Express,5,0.21,0,8541.94,8674.46939999999
SHP100753,Atlanta,Miami,1620.0,3341.0,Truckload,USPS,5,0.29,0,3841.77,3937.9172000000003
SHP100754,Houston,Chicago,1805.0,2538.0,Truckload,DHL Express,13,0.38,0,4295.79,4268.254699999994
SHP100755,Atlanta,Miami,1720.0,10942.0,Truckload,DHL Express,10,0.42,0,4971.84,4956.4866000000075
SHP100756,Atlanta,New York,2053.0,1608.0,Truckload,UPS,3,0.4,1,5099.2,5042.626300000004
SHP100757,Miami,New York,1803.0,7470.0,Truckload,DHL Express,9,0.21,0,4333.45,4396.353000000005
SHP100758,Los Angeles,Houston,2457.0,6171.0,LTL,UPS,4,0.28,0,4232.43,4249.851099999997
SHP100759,Atlanta,Miami,1535.0,2326.0,LTL,USPS,13,0.21,0,2533.1,2629.0135000000028
SHP100760,Miami,Chicago,1703.0,12248.0,LTL,USPS,13,0.23,1,3934.81,3950.003999999998
SHP100761,New York,Chicago,2064.0,7470.0,LTL,DHL Express,3,0.3,0,3533.52,3595.6615000000006
SHP100762,Los Angeles,Atlanta,2367.0,7470.0,LTL,FedEx,11,0.17,0,3681.89,3921.3505000000046
SHP100763,Atlanta,Chicago,1798.0,7470.0,LTL,UPS,2,0.22,0,3379.26,3441.3172000000027
SHP100764,Chicago,Houston,1866.0,9661.0,Truckload,UPS,10,0.43,0,5043.34,5239.514000000002
SHP100765,New York,Houston,1934.0,5459.0,LTL,DHL Express,13,0.29,0,3377.3,3347.9850999999953
SHP100766,New York,Chicago,1860.0,9720.0,Air Freight,UPS,11,0.28,0,7869.78,7898.371200000015
SHP100767,Miami,Chicago,1558.0,12156.0,LTL,UPS,9,0.15,1,3732.5,3799.712599999999
SHP100768,New York,Atlanta,1948.0,11984.0,LTL,FedEx,4,0.22,1,4263.25,4273.482799999999
SHP100769,Los Angeles,Chicago,2300.0,13489.0,Truckload,FedEx,3,0.41,0,6490.92,6482.884499999999
SHP100770,Atlanta,Houston,1970.0,7919.0,Truckload,DHL Express,7,0.2,1,5652.16,5386.290899999994
SHP100771,Atlanta,Houston,1923.0,3006.0,LTL,FedEx,8,0.27,0,3150.14,3152.9564000000055
SHP100772,Chicago,New York,2065.0,7760.0,Air Freight,DHL Express,11,0.15,0,8275.87,8354.635299999998
SHP100773,Miami,New York,1768.0,6067.0,Air Freight,USPS,2,0.29,0,7123.81,7254.385800000005
SHP100774,Chicago,Los Angeles,2370.0,9624.0,LTL,DHL Express,7,0.16,0,4432.31,4393.388599999999
SHP100775,New York,Atlanta,2016.0,10816.0,LTL,USPS,12,0.4,1,4292.05,4205.200299999996
SHP100776,Chicago,New York,1943.0,3434.0,Air Freight,DHL Express,5,0.4,0,7215.73,7326.365099999992
SHP100777,Los Angeles,New York,2503.0,14460.0,Truckload,UPS,11,0.39,0,6973.74,6778.459399999996
SHP100778,Atlanta,Chicago,1894.0,9811.0,Truckload,FedEx,5,0.24,0,5166.24,5199.502099999995
SHP100779,New York,Chicago,1935.0,10136.0,Air Freight,USPS,3,0.4,0,8484.23,8480.019899999992
SHP100780,Chicago,New York,2069.0,10485.0,LTL,DHL Express,5,0.31,0,4004.35,3970.3932999999965
SHP100781,Miami,Atlanta,1677.0,10108.0,LTL,FedEx,12,0.26,0,3380.28,3379.928200000005
SHP100782,Los Angeles,Chicago,2240.0,78.0,LTL,DHL Express,2,0.34,0,3522.64,3562.179100000006
SHP100783,Los Angeles,Miami,1980.0,7470.0,Truckload,FedEx,4,0.15,1,5648.43,5454.179599999998
SHP100784,Chicago,Atlanta,1816.0,9262.0,Truckload,FedEx,6,0.19,1,5436.06,5368.472099999998
SHP100785,Atlanta,New York,1970.0,10305.0,Truckload,DHL Express,1,0.37,0,5487.98,5463.222399999994
SHP100786,Chicago,Los Angeles,2339.0,9688.0,LTL,USPS,10,0.22,1,4669.3,4516.626199999997
SHP100787,New York,Los Angeles,2561.0,7806.0,LTL,USPS,4,0.33,0,4592.87,4473.917599999998
SHP100788,Chicago,Los Angeles,2314.0,6998.0,LTL,UPS,6,0.27,0,4085.79,4040.3703999999957
SHP100789,Los Angeles,New York,2356.0,11906.0,Truckload,FedEx,9,0.41,0,6369.65,6420.053600000006
SHP100790,Chicago,Los Angeles,2436.0,11229.0,Truckload,UPS,11,0.44,0,6485.58,6461.930199999998
SHP100791,Atlanta,New York,1851.0,5805.0,LTL,UPS,11,0.42,0,3331.82,3338.063900000003
SHP100792,Miami,Houston,1592.0,3652.0,Air Freight,DHL Express,13,0.23,0,5991.86,6076.960199999992
SHP100793,Houston,Chicago,1830.0,5112.0,LTL,DHL Express,2,0.21,0,3267.69,3252.9964000000023
SHP100794,Chicago,Houston,1750.0,11927.0,Air Freight,DHL Express,11,0.29,0,7988.89,8000.216100000006
SHP100795,Atlanta,Miami,1547.0,8121.0,LTL,FedEx,7,0.15,0,3010.33,3035.7914999999985
SHP100796,Atlanta,Los Angeles,2342.0,7294.0,Truckload,DHL Express,6,0.16,0,5760.23,5755.189199999994
SHP100797,Miami,Los Angeles,2149.0,6422.0,LTL,DHL Express,2,0.32,0,3894.7,3888.6384000000053
SHP100798,Los Angeles,Chicago,2382.0,7155.0,Air Freight,FedEx,8,0.31,0,9091.31,9153.822200000015
SHP100799,Atlanta,Chicago,1814.0,11610.0,LTL,FedEx,7,0.45,0,3781.9,3777.5092000000027
SHP100800,Atlanta,Chicago,1822.0,3631.0,LTL,USPS,11,0.21,0,3070.92,3107.268500000001
SHP100801,Atlanta,New York,1869.0,2812.0,LTL,DHL Express,5,0.23,0,3030.37,3057.5944
SHP100802,Atlanta,Houston,1790.0,12279.0,LTL,DHL Express,12,0.18,1,4067.76,4061.740199999998
SHP100803,New York,Los Angeles,2367.0,622.0,LTL,DHL Express,5,0.43,0,3714.32,3735.065600000004
SHP100804,New York,Atlanta,1997.0,7755.0,Air Freight,USPS,7,0.38,0,8182.04,8119.898700000002
SHP100805,Los Angeles,Atlanta,2451.0,13944.0,LTL,DHL Express,9,0.4,0,4735.14,4748.868200000006
SHP100806,Chicago,Houston,1754.0,12330.0,Truckload,USPS,11,0.42,1,5743.67,5632.058299999999
SHP100807,Atlanta,Los Angeles,2339.0,664.0,Truckload,UPS,9,0.31,0,5023.14,5192.407200000004
SHP100808,Miami,Houston,1610.0,4100.0,Truckload,USPS,9,0.29,0,3986.6,4043.7241999999987
SHP100809,Chicago,Atlanta,1889.0,375.0,LTL,UPS,6,0.25,1,3322.4,3319.380700000001
SHP100810,Miami,New York,1635.0,3790.0,LTL,DHL Express,10,0.33,0,2800.5,2887.8223000000003
SHP100811,Chicago,Los Angeles,2407.0,408.0,Truckload,UPS,6,0.29,0,5210.83,5379.610400000001
SHP100812,Los Angeles,Houston,2378.0,3827.0,Air Freight,USPS,3,0.29,0,8666.62,8612.071699999995
SHP100813,Atlanta,Chicago,1978.0,5956.0,LTL,FedEx,1,0.43,0,3482.37,3497.4776999999985
SHP100814,Atlanta,Houston,1796.0,10613.0,LTL,UPS,7,0.45,0,3710.79,3660.8841999999977
SHP100815,Houston,New York,2074.0,1771.0,LTL,UPS,4,0.39,0,3322.1,3330.1052999999984
SHP100816,Miami,Los Angeles,1970.0,1399.0,Air Freight,DHL Express,1,0.38,0,6978.27,7539.513699999995
SHP100817,Chicago,Los Angeles,2260.0,3746.0,LTL,USPS,8,0.35,0,3738.54,3751.8334999999975
SHP100818,Chicago,Atlanta,1734.0,3946.0,LTL,UPS,12,0.2,0,2972.23,2982.2551000000017
SHP100819,New York,Atlanta,1862.0,4310.0,Air Freight,UPS,6,0.17,0,7034.56,7067.025500000006
SHP100820,Houston,Miami,1636.0,9838.0,LTL,UPS,6,0.36,0,3375.9,3369.1886000000018
SHP100821,New York,Chicago,1989.0,9869.0,LTL,UPS,2,0.37,1,4177.29,4176.692199999996
SHP100822,New York,Miami,1657.0,6991.0,Truckload,FedEx,1,0.16,0,4361.09,4237.615400000001
SHP100823,New York,Houston,1935.0,7470.0,Air Freight,USPS,13,0.43,1,9418.3,8314.624399999997
SHP100824,Miami,New York,1666.0,13514.0,LTL,DHL Express,2,0.18,0,3758.22,3714.9400999999943
SHP100825,Miami,Los Angeles,2084.0,3858.0,LTL,DHL Express,4,0.24,0,3503.32,3508.449900000004
SHP100826,Los Angeles,Atlanta,2244.0,5296.0,LTL,FedEx,2,0.35,0,3936.32,3889.0053000000003
SHP100827,Los Angeles,Miami,2045.0,8434.0,LTL,USPS,1,0.2,0,3826.7,3713.309200000004
SHP100828,New York,Miami,1703.0,10916.0,Truckload,UPS,7,0.17,0,4866.52,4888.622200000004
SHP100829,Houston,Miami,1494.0,3895.0,LTL,FedEx,11,0.25,0,2611.8,2819.5607000000014
SHP100830,Chicago,Houston,1955.0,2627.0,LTL,USPS,11,0.38,1,3558.33,3485.7046
SHP100831,Miami,Houston,1511.0,141.0,LTL,UPS,12,0.27,0,2373.39,2445.5737000000036
SHP100832,Houston,New York,1935.0,4284.0,Truckload,FedEx,8,0.35,0,4756.23,4701.164499999995
SHP100833,Atlanta,New York,2054.0,8722.0,Truckload,USPS,6,0.32,0,5420.27,5418.495200000005
SHP100834,Miami,Los Angeles,2154.0,6642.0,Air Freight,DHL Express,4,0.16,1,9220.07,9091.709199999985
SHP100835,Miami,Atlanta,1664.0,13694.0,LTL,DHL Express,6,0.45,0,3674.9,3683.2365000000013
SHP100836,Los Angeles,Chicago,2391.0,11158.0,Air Freight,USPS,3,0.16,0,9939.84,9752.790499999996
SHP100837,Chicago,Houston,1860.0,12677.0,Air Freight,DHL Express,12,0.44,0,8523.56,8501.1209
SHP100838,Chicago,Houston,1853.0,8178.0,LTL,USPS,8,0.31,0,3527.24,3507.3364999999962
SHP100839,Atlanta,Houston,1782.0,7470.0,LTL,UPS,10,0.44,0,2845.75,3105.3576999999996
SHP100840,Atlanta,New York,2061.0,2563.0,LTL,USPS,13,0.18,0,3347.33,3352.332599999998
SHP100841,Miami,Los Angeles,2128.0,8218.0,LTL,UPS,13,0.3,0,3846.14,3885.892600000007
SHP100842,New York,Houston,1918.0,6911.0,LTL,FedEx,2,0.2,0,3515.92,3482.404399999999
SHP100843,Los Angeles,Miami,2185.0,9040.0,LTL,USPS,5,0.17,0,4081.36,4063.5437999999936
SHP100844,Los Angeles,Miami,1935.0,12812.0,LTL,FedEx,1,0.34,0,4150.87,4075.035799999998
SHP100845,Miami,Chicago,1735.0,14786.0,Air Freight,DHL Express,6,0.21,1,9358.86,8720.1147
SHP100846,Houston,Atlanta,1890.0,13800.0,LTL,UPS,2,0.33,0,4037.76,4033.0516000000016
SHP100847,New York,Chicago,2049.0,12191.0,Air Freight,USPS,4,0.18,0,8956.0,9035.7941
SHP100848,Miami,Atlanta,1705.0,654.0,Truckload,FedEx,6,0.25,0,3779.51,3794.7319000000034
SHP100849,New York,Los Angeles,2507.0,3029.0,Air Freight,UPS,10,0.38,0,8919.14,8951.281499999994
SHP100850,New York,Miami,1821.0,7190.0,Truckload,UPS,11,0.28,1,5199.62,5116.202599999998
SHP100851,New York,Atlanta,1865.0,7115.0,LTL,DHL Express,8,0.34,0,3496.05,3474.7462999999952
SHP100852,Miami,Atlanta,1731.0,4966.0,Truckload,DHL Express,12,0.34,0,4324.96,4315.384300000004
SHP100853,Los Angeles,Atlanta,2325.0,6850.0,LTL,UPS,8,0.4,0,4122.65,4089.084700000001
SHP100854,Los Angeles,Atlanta,2285.0,647.0,LTL,UPS,11,0.25,1,3880.27,3867.7579000000037
SHP100855,New York,Atlanta,2054.0,9774.0,Air Freight,USPS,6,0.36,0,8690.19,8728.021699999988
SHP100856,Houston,Atlanta,1838.0,7370.0,LTL,UPS,4,0.44,0,3552.6,3475.589999999999
SHP100857,Chicago,Atlanta,1963.0,8755.0,LTL,USPS,8,0.37,1,4014.19,4046.8622000000005
SHP100858,Miami,New York,1935.0,5672.0,Truckload,UPS,13,0.3,0,4189.99,4425.961899999997
SHP100859,Chicago,New York,1938.0,1927.0,Air Freight,DHL Express,8,0.34,0,6915.9,7383.914399999993
SHP100860,Houston,Los Angeles,2383.0,12214.0,Truckload,USPS,10,0.37,0,6485.66,6492.465
SHP100861,Miami,Chicago,1713.0,12085.0,LTL,FedEx,1,0.33,0,3623.68,3642.0799999999963
SHP100862,New York,Atlanta,2065.0,1749.0,Truckload,DHL Express,4,0.16,0,4536.17,4605.658399999998
SHP100863,Los Angeles,New York,2441.0,9271.0,LTL,USPS,4,0.21,0,4460.19,4452.715100000001
SHP100864,Chicago,Miami,1536.0,12837.0,Truckload,USPS,7,0.39,1,5328.68,5376.948099999997
SHP100865,Atlanta,New York,2021.0,5830.0,Air Freight,FedEx,11,0.23,0,7850.3,7972.4824999999955
SHP100866,Atlanta,Houston,1866.0,766.0,Truckload,USPS,7,0.37,0,4081.21,4348.481300000001
SHP100867,Houston,New York,2081.0,13479.0,Air Freight,UPS,13,0.26,0,9364.06,9233.403899999998
SHP100868,New York,Los Angeles,2571.0,13846.0,LTL,FedEx,11,0.31,0,5099.16,5012.988899999993
SHP100869,Chicago,Atlanta,1944.0,4136.0,Truckload,DHL Express,8,0.17,0,4594.15,4618.913500000004
SHP100870,New York,Los Angeles,2457.0,14986.0,Air Freight,DHL Express,11,0.2,0,10714.27,10333.676700000007
SHP100871,Chicago,Houston,1907.0,715.0,LTL,UPS,5,0.44,0,3017.04,3054.1046000000006
SHP100872,Houston,Los Angeles,2286.0,7896.0,Air Freight,DHL Express,7,0.42,0,9120.47,9105.626499999988
SHP100873,Houston,New York,2037.0,6661.0,LTL,USPS,8,0.35,1,4041.9,3987.072500000003
SHP100874,Atlanta,Miami,1713.0,7470.0,Truckload,USPS,9,0.29,1,5339.38,5062.422700000003
SHP100875,New York,Atlanta,1935.0,14655.0,Air Freight,UPS,3,0.35,0,9770.55,9345.386800000006
SHP100876,Miami,Los Angeles,1984.0,1129.0,Truckload,DHL Express,3,0.34,0,4388.01,4511.795500000003
SHP100877,Atlanta,Miami,1525.0,8469.0,LTL,DHL Express,4,0.32,0,3004.51,3066.680500000002
SHP100878,New York,Los Angeles,1935.0,8390.0,Truckload,UPS,5,0.17,0,6429.18,6016.719400000001
SHP100879,Atlanta,Miami,1552.0,1119.0,Truckload,FedEx,10,0.34,0,3408.73,3616.0322999999994
SHP100880,Miami,Chicago,1558.0,5313.0,Air Freight,DHL Express,1,0.38,0,6382.12,6379.799199999997
SHP100881,Los Angeles,Houston,2423.0,8001.0,LTL,FedEx,7,0.45,0,4498.73,4468.483299999998
SHP100882,Los Angeles,New York,2537.0,12969.0,LTL,DHL Express,9,0.15,0,4850.63,4886.433900000003
SHP100883,Los Angeles,Atlanta,2378.0,1413.0,Truckload,DHL Express,8,0.37,0,5192.76,5462.859000000001
SHP100884,Los Angeles,New York,2403.0,4558.0,LTL,DHL Express,5,0.32,0,4035.41,4014.8296999999984
SHP100885,Chicago,Atlanta,1753.0,1805.0,Truckload,DHL Express,4,0.28,0,4018.86,4008.456299999993
SHP100886,Los Angeles,New York,2539.0,569.0,Truckload,USPS,12,0.19,0,5404.33,5371.936000000002
SHP100887,Miami,Atlanta,1538.0,5513.0,Air Freight,FedEx,7,0.27,0,6278.11,6352.878899999991
SHP100888,Houston,Miami,1635.0,14772.0,Truckload,FedEx,5,0.26,0,5174.55,5192.940499999994
SHP100889,Houston,Miami,1496.0,11786.0,Truckload,DHL Express,7,0.24,1,5151.05,5165.651499999995
SHP100890,Chicago,New York,1853.0,10564.0,LTL,DHL Express,12,0.37,0,3707.0,3715.3099000000007
SHP100891,Los Angeles,Atlanta,2299.0,14738.0,LTL,FedEx,1,0.36,0,4762.3,4714.346799999995
SHP100892,Los Angeles,Miami,2166.0,7283.0,LTL,USPS,1,0.33,0,3906.07,3954.576299999999
SHP100893,Los Angeles,Chicago,2269.0,1152.0,LTL,UPS,10,0.43,1,3976.1,3863.0691
SHP100894,Atlanta,Houston,1784.0,647.0,Truckload,UPS,13,0.25,0,3871.42,3893.794699999999
SHP100895,New York,Los Angeles,2345.0,13997.0,Truckload,FedEx,3,0.22,0,6591.1,6593.899799999992
SHP100896,Atlanta,Chicago,1956.0,3323.0,Truckload,DHL Express,11,0.35,1,5021.87,5018.948999999999
SHP100897,New York,Houston,2067.0,12291.0,Air Freight,DHL Express,2,0.21,1,9882.48,9827.215599999989
SHP100898,Los Angeles,Chicago,2419.0,5831.0,Air Freight,USPS,2,0.24,1,9957.44,9850.650599999979
SHP100899,Los Angeles,Chicago,2238.0,10847.0,Air Freight,UPS,7,0.22,1,10148.13,9832.580299999989
SHP100900,Atlanta,Houston,1880.0,6306.0,Truckload,USPS,12,0.17,1,5147.85,5128.225099999993
SHP100901,Atlanta,New York,2094.0,7470.0,Truckload,UPS,10,0.4,0,5292.37,5187.5605
SHP100902,New York,Houston,1863.0,10430.0,LTL,FedEx,2,0.23,0,3753.2,3696.2363
SHP100903,Houston,Miami,1568.0,14262.0,LTL,UPS,11,0.29,0,3539.25,3571.7461
SHP100904,New York,Miami,1935.0,13067.0,LTL,USPS,4,0.16,0,3791.77,3871.152300000001
SHP100905,Atlanta,Chicago,1762.0,8830.0,Air Freight,USPS,2,0.36,0,7641.94,7598.792899999988
SHP100906,Miami,Houston,1642.0,7470.0,Air Freight,USPS,6,0.25,0,6688.0,6867.0521
SHP100907,Atlanta,Houston,1750.0,7470.0,LTL,FedEx,8,0.37,0,3672.42,3504.936900000002
SHP100908,Miami,Atlanta,1634.0,9649.0,LTL,UPS,10,0.27,0,3310.35,3306.301499999999
SHP100909,Chicago,Houston,1752.0,14207.0,Air Freight,UPS,4,0.21,0,8434.55,8333.913200000006
SHP100910,Atlanta,New York,1906.0,8052.0,LTL,USPS,5,0.3,0,3640.41,3589.2555999999972
SHP100911,Chicago,Houston,1964.0,4896.0,LTL,UPS,4,0.19,0,3450.99,3416.139999999997
SHP100912,Houston,New York,2058.0,12964.0,Air Freight,DHL Express,3,0.28,0,9299.25,9215.285399999999
SHP100913,New York,Miami,1795.0,11632.0,LTL,DHL Express,5,0.25,0,3790.2,3765.0561000000034
SHP100914,Miami,New York,1751.0,11682.0,LTL,DHL Express,9,0.42,0,3658.77,3655.523399999999
SHP100915,New York,Atlanta,1942.0,9871.0,Truckload,UPS,8,0.17,0,5278.61,5336.065499999992
SHP100916,Chicago,New York,1869.0,9236.0,Air Freight,FedEx,8,0.36,0,7961.75,8022.4528
SHP100917,Miami,Chicago,1647.0,13921.0,Truckload,FedEx,8,0.2,0,5222.92,5278.7015
SHP100918,New York,Miami,1628.0,4848.0,LTL,FedEx,12,0.25,0,2977.7,2942.3504000000034
SHP100919,Atlanta,Houston,1910.0,6655.0,LTL,FedEx,8,0.27,0,3466.43,3477.7459999999955
SHP100920,Los Angeles,Houston,2312.0,10301.0,LTL,DHL Express,7,0.42,1,4742.88,4694.820700000003
SHP100921,Chicago,Atlanta,1913.0,13517.0,Truckload,DHL Express,8,0.22,0,5674.06,5629.023400000002
SHP100922,New York,Chicago,1926.0,12814.0,Truckload,USPS,11,0.18,0,5521.73,5593.018599999998
SHP100923,Chicago,New York,2059.0,7470.0,LTL,UPS,8,0.25,0,3358.88,3473.749800000001
SHP100924,Chicago,Atlanta,1880.0,450.0,Air Freight,UPS,13,0.18,0,6381.93,6793.141099999999
SHP100925,Miami,Houston,1679.0,2905.0,LTL,FedEx,8,0.19,0,2818.48,2820.984500000002
SHP100926,Miami,Chicago,1727.0,10466.0,LTL,DHL Express,12,0.32,0,3503.66,3501.3649999999984
SHP100927,Los Angeles,Houston,2242.0,3462.0,LTL,FedEx,10,0.17,0,3624.32,3675.6114000000043
SHP100928,Atlanta,Miami,1720.0,106.0,LTL,USPS,7,0.16,0,2572.18,2616.235499999997
SHP100929,Chicago,Miami,1721.0,8072.0,Truckload,UPS,12,0.36,0,4635.12,4651.105999999997
SHP100930,New York,Atlanta,1867.0,7470.0,Truckload,UPS,1,0.26,0,4322.13,4510.928400000003
SHP100931,Houston,Miami,1562.0,4593.0,LTL,FedEx,4,0.19,0,2790.18,2793.5684999999967
SHP100932,Chicago,New York,2010.0,4348.0,Truckload,USPS,13,0.23,1,5305.32,5199.458400000002
SHP100933,Chicago,New York,2009.0,3818.0,LTL,UPS,13,0.34,0,3339.81,3361.844699999999
SHP100934,Los Angeles,Atlanta,2398.0,5802.0,Truckload,USPS,4,0.23,0,5716.7,5661.067100000003
SHP100935,Atlanta,Houston,1911.0,4883.0,Air Freight,USPS,5,0.3,0,7359.47,7385.4543999999905
SHP100936,Houston,Atlanta,1746.0,12539.0,LTL,FedEx,10,0.19,0,3669.1,3714.154699999999
SHP100937,Miami,Los Angeles,1988.0,1403.0,Truckload,DHL Express,6,0.33,0,4487.82,4522.755400000004
SHP100938,Miami,Atlanta,1708.0,10652.0,LTL,FedEx,4,0.24,0,3471.89,3480.4016999999994
SHP100939,New York,Atlanta,1919.0,5037.0,LTL,DHL Express,2,0.34,1,3805.07,3715.256800000005
SHP100940,Houston,New York,2076.0,6647.0,LTL,USPS,6,0.39,0,3828.47,3742.5052999999943
SHP100941,Miami,New York,1729.0,14741.0,Truckload,DHL Express,8,0.33,1,5895.5,5426.223600000002
SHP100942,New York,Chicago,1950.0,4361.0,Truckload,USPS,8,0.24,0,4724.37,4729.5297
SHP100943,Atlanta,Miami,1523.0,10844.0,LTL,UPS,7,0.23,1,3539.33,3535.2282999999984
SHP100944,New York,Atlanta,1933.0,7470.0,Air Freight,UPS,6,0.25,0,7113.84,7468.441999999998
SHP100945,Miami,New York,1762.0,72.0,Truckload,UPS,2,0.2,0,3884.05,3887.9079999999944
SHP100946,Los Angeles,Miami,2165.0,10444.0,Air Freight,FedEx,7,0.2,0,9124.35,9039.118099999987
SHP100947,Los Angeles,Chicago,2283.0,1259.0,Truckload,FedEx,11,0.39,0,5017.0,5307.601399999999
SHP100948,Los Angeles,Houston,2411.0,10538.0,Truckload,USPS,12,0.27,1,6633.24,6567.418800000006
SHP100949,Miami,Atlanta,1577.0,8990.0,LTL,UPS,5,0.28,0,3157.97,3213.077599999998
SHP100950,Los Angeles,Miami,2054.0,854.0,LTL,FedEx,6,0.33,0,3204.45,3246.1596000000036
SHP100951,Houston,Los Angeles,2220.0,8375.0,Air Freight,UPS,10,0.33,0,8876.98,8861.904799999991
SHP100952,Atlanta,Miami,1580.0,4466.0,LTL,FedEx,8,0.17,0,2797.78,2795.1029
SHP100953,New York,Chicago,1993.0,10679.0,Air Freight,DHL Express,8,0.4,0,8636.32,8658.63169999999
SHP100954,New York,Chicago,2067.0,8675.0,Truckload,DHL Express,3,0.2,0,5375.5,5381.513899999999
SHP100955,Miami,Los Angeles,2158.0,5191.0,LTL,UPS,12,0.37,0,3660.73,3723.596199999997
SHP100956,Los Angeles,Atlanta,2431.0,5018.0,LTL,USPS,12,0.38,1,4410.19,4309.639099999999
SHP100957,Los Angeles,New York,2456.0,3721.0,LTL,FedEx,7,0.36,0,4096.35,4070.5932999999955
SHP100958,Chicago,Atlanta,1842.0,11978.0,Air Freight,FedEx,1,0.32,0,8414.16,8373.938900000001
SHP100959,Atlanta,Miami,1569.0,7342.0,LTL,DHL Express,1,0.15,0,3014.24,3168.950200000002
SHP100960,Houston,New York,1856.0,7051.0,LTL,DHL Express,7,0.26,0,3401.73,3444.5020999999983
SHP100961,New York,Houston,1935.0,12281.0,LTL,USPS,10,0.33,0,3867.98,3889.9510999999993
SHP100962,Chicago,Houston,1956.0,2148.0,LTL,USPS,9,0.27,0,3187.57,3205.064000000003
SHP100963,Chicago,Los Angeles,2459.0,14561.0,LTL,USPS,7,0.41,0,4790.42,4775.1767999999975
SHP100964,Miami,Chicago,1505.0,11159.0,LTL,UPS,10,0.24,0,3268.94,3275.230100000001
SHP100965,New York,Los Angeles,2497.0,8494.0,Air Freight,DHL Express,5,0.24,1,10675.61,10321.304999999991
SHP100966,Miami,Atlanta,1501.0,5111.0,LTL,UPS,8,0.23,0,2694.07,2770.064700000004
SHP100967,Houston,Chicago,1764.0,13076.0,LTL,DHL Express,2,0.25,0,3750.13,3754.5200000000027
SHP100968,Chicago,Houston,1970.0,7470.0,LTL,DHL Express,9,0.32,1,4104.92,4042.7509999999997
SHP100969,Chicago,Los Angeles,2230.0,3314.0,LTL,FedEx,6,0.36,1,4006.6,3957.1430999999952
SHP100970,Atlanta,Houston,1907.0,5485.0,Air Freight,DHL Express,13,0.35,0,7399.77,7465.226000000007
SHP100971,Houston,Atlanta,1900.0,8543.0,Truckload,DHL Express,9,0.39,0,4982.42,5032.1947999999975
SHP100972,Chicago,Miami,1717.0,6741.0,LTL,UPS,2,0.42,0,3202.62,3218.1957999999995
SHP100973,Houston,Atlanta,1969.0,10219.0,Truckload,DHL Express,3,0.39,1,5999.06,5447.439899999995
SHP100974,New York,Los Angeles,2346.0,2813.0,LTL,UPS,12,0.16,1,4056.97,3951.7746000000006
SHP100975,Los Angeles,New York,2361.0,4055.0,LTL,USPS,8,0.37,0,3987.8,3937.5095999999967
SHP100976,Chicago,Atlanta,1770.0,14653.0,Air Freight,DHL Express,1,0.21,0,8652.62,8581.8876
SHP100977,Atlanta,New York,1983.0,3291.0,Truckload,DHL Express,10,0.19,0,4505.86,4661.385499999999
SHP100978,New York,Miami,1825.0,3107.0,Air Freight,UPS,7,0.34,0,6799.77,7245.417499999998
SHP100979,Houston,Chicago,1756.0,600.0,LTL,USPS,7,0.25,0,2753.9,2765.7727999999984
SHP100980,Miami,Atlanta,1637.0,5624.0,Truckload,FedEx,13,0.17,0,4099.1,4179.5944999999965
SHP100981,New York,Miami,1762.0,5461.0,LTL,USPS,1,0.19,1,3535.8,3379.7362999999973
SHP100982,Chicago,Los Angeles,2275.0,1637.0,LTL,UPS,9,0.15,0,3586.07,3617.2046000000037
SHP100983,Houston,Chicago,1866.0,10064.0,Air Freight,USPS,8,0.42,0,8182.45,8161.912999999995
SHP100984,Los Angeles,New York,2421.0,5970.0,LTL,UPS,4,0.16,0,4203.07,4220.914100000002
SHP100985,New York,Houston,2030.0,5310.0,Air Freight,UPS,10,0.21,0,7741.03,7806.260800000001
SHP100986,Chicago,Los Angeles,2270.0,11459.0,Truckload,FedEx,11,0.27,0,6038.2,6299.764800000001
SHP100987,Atlanta,New York,1935.0,11738.0,LTL,DHL Express,5,0.26,0,4016.48,3985.055299999998
SHP100988,Miami,New York,1612.0,4459.0,Truckload,UPS,2,0.42,0,4217.81,4201.931399999999
SHP100989,Houston,Chicago,1941.0,12521.0,Truckload,UPS,13,0.16,1,6028.98,5657.015399999999
SHP100990,New York,Los Angeles,2527.0,5833.0,LTL,FedEx,9,0.3,0,4402.41,4336.898999999994
SHP100991,New York,Chicago,1952.0,762.0,Air Freight,UPS,12,0.35,0,6775.79,7094.9131
SHP100992,Los Angeles,Atlanta,2434.0,10417.0,Truckload,DHL Express,12,0.43,0,6365.01,6391.337000000004
SHP100993,Los Angeles,Houston,2264.0,5456.0,LTL,FedEx,6,0.34,0,3920.84,3924.0323000000035
SHP100994,Atlanta,Chicago,1730.0,8040.0,Truckload,DHL Express,3,0.39,0,4708.93,4711.159699999997
SHP100995,Miami,Houston,1590.0,7470.0,Air Freight,DHL Express,12,0.18,0,6585.82,6866.326999999996
SHP100996,Atlanta,Chicago,1927.0,12314.0,LTL,FedEx,7,0.27,0,3949.08,3947.3887000000022
SHP100997,Chicago,New York,1894.0,12091.0,Air Freight,UPS,9,0.26,0,8569.76,8504.048000000004
SHP100998,Chicago,Houston,1955.0,6893.0,LTL,DHL Express,3,0.42,0,3578.21,3515.8653999999956
SHP100999,Atlanta,Miami,1664.0,2483.0,Truckload,DHL Express,2,0.2,0,3926.55,3921.045299999996
