Shipment_ID,Origin,Destination,Distance_Miles,Weight_Lbs,Transport_Mode,Carrier,Lead_Time_Days,Fuel_Surcharge_Rate,Is_Urgent,Actual_Price_USD
SHP100000,Houston,Miami,1691.0,10752.0,Truckload,UPS,9,0.19,0,4830.69
SHP100001,Atlanta,Houston,1798.0,8478.0,Truckload,USPS,13,0.36,0,4811.85
SHP100002,Los Angeles,Houston,2218.0,9386.0,LTL,FedEx,6,0.27,0,4142.41
SHP100003,Atlanta,Chicago,1731.0,14891.0,LTL,USPS,6,0.3,0,3884.64
SHP100004,Atlanta,Los Angeles,2371.0,3303.0,Truckload,FedEx,4,0.42,1,5953.21
SHP100005,New York,Houston,2037.0,,LTL,DHL Express,4,0.42,0,3531.48
SHP100006,Los Angeles,Miami,2199.0,7007.0,Air Freight,USPS,5,0.4,0,8646.42
SHP100007,Los Angeles,Atlanta,2398.0,816.0,Air Freight,FedEx,3,0.3,0,8189.79
SHP100008,Los Angeles,New York,2488.0,2731.0,Truckload,UPS,1,0.37,0,5788.21
SHP100009,Atlanta,Houston,1739.0,7760.0,LTL,DHL Express,1,0.3,0,3300.64
SHP100010,Houston,Atlanta,1843.0,7532.0,LTL,UPS,12,0.41,0,3385.99
SHP100011,Los Angeles,Houston,2285.0,5136.0,LTL,DHL Express,13,0.27,0,3896.18
SHP100012,Miami,Houston,1653.0,8014.0,Truckload,USPS,7,0.44,0,4443.89
SHP100013,Atlanta,Chicago,1975.0,2715.0,Truckload,USPS,1,0.43,0,4626.14
SHP100014,New York,Houston,1934.0,10001.0,Air Freight,DHL Express,1,0.37,0,8508.0
SHP100015,Houston,Chicago,1778.0,,LTL,DHL Express,3,0.23,0,3862.22
SHP100016,Miami,New York,1848.0,14617.0,Air Freight,DHL Express,10,0.19,1,9452.12
SHP100017,Miami,Los Angeles,2039.0,11733.0,Air Freight,USPS,4,0.41,1,9738.35
SHP100018,New York,Los Angeles,2569.0,11057.0,LTL,FedEx,4,0.2,1,5170.04
SHP100019,Houston,Los Angeles,2386.0,3563.0,Air Freight,UPS,2,0.41,0,8777.44
SHP100020,Atlanta,Miami,1620.0,545.0,LTL,UPS,1,0.3,0,2574.53
SHP100021,Chicago,Atlanta,-999.0,13385.0,LTL,USPS,3,0.27,0,4090.49
SHP100022,Houston,Miami,1622.0,11422.0,Truckload,UPS,11,0.42,0,4885.09
SHP100023,New York,Los Angeles,2567.0,5872.0,LTL,DHL Express,4,0.33,0,4468.34
SHP100024,Miami,Houston,1707.0,14887.0,Truckload,FedEx,3,0.32,0,5400.07
SHP100025,Atlanta,Los Angeles,2398.0,12172.0,Truckload,UPS,8,0.32,0,6371.24
SHP100026,Houston,Atlanta,1942.0,2122.0,Truckload,FedEx,10,0.26,0,4355.78
SHP100027,Chicago,New York,2086.0,14673.0,LTL,DHL Express,1,0.39,1,4752.33
SHP100028,Chicago,Atlanta,1819.0,7845.0,Truckload,UPS,2,0.23,0,4819.96
SHP100029,Los Angeles,Chicago,2439.0,8579.0,Truckload,USPS,13,0.43,1,6632.96
SHP100030,Los Angeles,Atlanta,2445.0,3999.0,Truckload,FedEx,7,0.42,0,5740.19
SHP100031,New York,Chicago,1875.0,6083.0,LTL,DHL Express,4,0.25,0,3442.74
SHP100032,Houston,New York,1921.0,11350.0,LTL,FedEx,8,0.37,0,3869.72
SHP100033,Houston,Miami,-999.0,,Truckload,UPS,11,0.32,0,4431.46
SHP100034,Miami,Los Angeles,-999.0,8378.0,LTL,UPS,13,0.25,1,4048.13
SHP100035,Miami,Houston,1612.0,2605.0,Truckload,USPS,3,0.45,1,4372.02
SHP100036,Miami,Atlanta,1633.0,6420.0,Truckload,DHL Express,6,0.16,0,4287.62
SHP100037,Los Angeles,Houston,2210.0,4465.0,Truckload,DHL Express,9,0.23,0,5201.03
SHP100038,Houston,Los Angeles,-999.0,6009.0,Truckload,USPS,1,0.31,1,6322.0
SHP100039,Houston,Chicago,1894.0,9157.0,Air Freight,USPS,1,0.31,0,8044.16
SHP100040,Chicago,Los Angeles,2212.0,13543.0,Air Freight,DHL Express,8,0.33,1,10573.87
SHP100041,Los Angeles,New York,2509.0,6043.0,Air Freight,FedEx,3,0.38,0,9525.78
SHP100042,Atlanta,Miami,1536.0,14471.0,Air Freight,FedEx,5,0.34,0,7891.11
SHP100043,Los Angeles,New York,2424.0,11780.0,LTL,USPS,1,0.33,0,4725.26
SHP100044,Atlanta,Houston,-999.0,5071.0,LTL,FedEx,5,0.17,0,3089.48
SHP100045,Chicago,Los Angeles,2329.0,,Truckload,DHL Express,11,0.26,0,6027.97
SHP100046,New York,Miami,1817.0,2957.0,LTL,UPS,6,0.22,0,3073.12
SHP100047,Houston,New York,1904.0,2964.0,LTL,UPS,8,0.23,0,3187.89
SHP100048,Chicago,Atlanta,1964.0,13596.0,LTL,FedEx,13,0.32,0,3997.1
SHP100049,Houston,Chicago,1878.0,10224.0,Truckload,USPS,3,0.21,0,5205.06
SHP100050,Miami,Atlanta,1555.0,3920.0,Truckload,USPS,3,0.24,0,3780.33
SHP100051,New York,Chicago,2031.0,12770.0,Truckload,USPS,12,0.22,0,5710.86
SHP100052,New York,Chicago,2004.0,11809.0,Truckload,USPS,11,0.43,0,5603.5
SHP100053,Chicago,New York,2015.0,9240.0,Air Freight,USPS,11,0.43,0,8488.71
SHP100054,New York,Houston,1939.0,10389.0,LTL,FedEx,10,0.33,1,4163.93
SHP100055,Atlanta,Los Angeles,2395.0,5135.0,Air Freight,UPS,9,0.43,1,9676.16
SHP100056,New York,Chicago,1911.0,12936.0,LTL,UPS,4,0.39,0,4053.43
SHP100057,Houston,Miami,1591.0,,Air Freight,FedEx,4,0.33,0,6602.86
SHP100058,Houston,Atlanta,1903.0,445.0,Truckload,USPS,12,0.15,1,4585.79
SHP100059,Houston,Atlanta,1946.0,11840.0,LTL,FedEx,7,0.38,1,4273.27
SHP100060,Houston,New York,1988.0,12752.0,LTL,UPS,2,0.36,0,4098.3
SHP100061,Atlanta,Miami,1689.0,988.0,LTL,DHL Express,8,0.33,0,2726.78
SHP100062,Los Angeles,Houston,2217.0,9878.0,LTL,FedEx,6,0.38,0,4224.36
SHP100063,Miami,Chicago,1586.0,10966.0,LTL,USPS,3,0.3,0,3432.14
SHP100064,Chicago,Los Angeles,2326.0,,Truckload,UPS,9,0.36,0,5252.6
SHP100065,Houston,Atlanta,1928.0,4686.0,Truckload,UPS,5,0.43,0,4747.86
SHP100066,New York,Houston,1913.0,1699.0,Truckload,UPS,8,0.26,1,4770.78
SHP100067,Houston,Los Angeles,2439.0,3740.0,Air Freight,UPS,7,0.36,1,9628.24
SHP100068,New York,Chicago,1870.0,14283.0,Truckload,USPS,8,0.29,0,5650.77
SHP100069,Miami,Houston,1689.0,3485.0,Truckload,DHL Express,7,0.35,0,4073.57
SHP100070,Miami,Atlanta,1604.0,3251.0,LTL,UPS,3,0.38,0,2715.71
SHP100071,Miami,Los Angeles,2215.0,4229.0,Truckload,FedEx,2,0.16,1,5715.81
SHP100072,New York,Chicago,2040.0,12608.0,LTL,DHL Express,7,0.34,0,4166.05
SHP100073,Houston,Miami,1574.0,10533.0,Air Freight,UPS,3,0.22,0,7238.06
SHP100074,Miami,Houston,1681.0,12725.0,Air Freight,DHL Express,3,0.35,0,7995.19
SHP100075,Atlanta,Los Angeles,2457.0,8455.0,Truckload,FedEx,2,0.29,0,6278.28
SHP100076,New York,Miami,1629.0,3287.0,LTL,UPS,4,0.38,0,2853.13
SHP100077,New York,Miami,1617.0,3912.0,Air Freight,FedEx,8,0.19,0,6162.03
SHP100078,Houston,Miami,1547.0,108.0,Truckload,USPS,12,0.34,0,3322.54
SHP100079,New York,Houston,-999.0,13963.0,LTL,UPS,1,0.23,1,4368.81
SHP100080,New York,Houston,1880.0,11172.0,LTL,UPS,1,0.41,1,4255.38
SHP100081,Miami,New York,1851.0,4988.0,Truckload,UPS,12,0.43,1,5058.78
SHP100082,Houston,Atlanta,1978.0,3021.0,LTL,UPS,5,0.45,0,3300.0
SHP100083,Miami,Chicago,1582.0,9769.0,Air Freight,USPS,11,0.39,0,7169.46
SHP100084,Miami,Atlanta,1729.0,14067.0,LTL,UPS,5,0.38,0,3796.76
SHP100085,Houston,New York,1858.0,8364.0,LTL,DHL Express,11,0.21,1,3917.76
SHP100086,Chicago,New York,-999.0,11961.0,Air Freight,UPS,12,0.25,0,8420.17
SHP100087,Miami,New York,1703.0,9678.0,LTL,USPS,1,0.29,0,3425.59
SHP100088,Atlanta,Los Angeles,2363.0,9404.0,Truckload,UPS,6,0.38,0,6096.25
SHP100089,Atlanta,Miami,1627.0,11542.0,LTL,DHL Express,1,0.42,0,3393.69
SHP100090,New York,Chicago,1878.0,3395.0,LTL,USPS,5,0.21,0,3095.03
SHP100091,Atlanta,Chicago,1975.0,2536.0,Truckload,USPS,9,0.43,0,4500.41
SHP100092,New York,Chicago,1929.0,611.0,Truckload,DHL Express,12,0.36,0,4217.19
SHP100093,Chicago,New York,1885.0,4031.0,Truckload,DHL Express,5,0.33,0,4530.74
SHP100094,Houston,Chicago,-999.0,6311.0,Truckload,DHL Express,6,0.21,1,5043.48
SHP100095,Houston,New York,1958.0,1787.0,Truckload,DHL Express,8,0.17,0,4363.83
SHP100096,Houston,Miami,-999.0,9146.0,LTL,DHL Express,11,0.32,0,3243.57
SHP100097,Atlanta,Los Angeles,-999.0,3604.0,LTL,USPS,1,0.35,0,3783.77
SHP100098,Chicago,Houston,1815.0,12732.0,Air Freight,USPS,2,0.21,1,9115.6
SHP100099,Atlanta,Los Angeles,2280.0,9968.0,Truckload,UPS,9,0.32,0,5975.64
SHP100100,Atlanta,Los Angeles,2360.0,11165.0,Truckload,UPS,3,0.41,1,6772.83
SHP100101,Chicago,Los Angeles,2378.0,11773.0,LTL,FedEx,6,0.4,0,4630.52
SHP100102,Chicago,Atlanta,1961.0,12148.0,LTL,UPS,5,0.43,1,4411.58
SHP100103,Chicago,Miami,1582.0,14054.0,Truckload,UPS,11,0.26,1,5440.9
SHP100104,Chicago,New York,1929.0,9176.0,Air Freight,DHL Express,2,0.25,0,8152.01
SHP100105,Houston,Atlanta,1831.0,13439.0,Truckload,DHL Express,7,0.37,0,5465.94
SHP100106,Los Angeles,Houston,2365.0,7145.0,Air Freight,UPS,4,0.28,0,9109.69
SHP100107,Los Angeles,Atlanta,2385.0,13773.0,Truckload,FedEx,1,0.18,0,6652.64
SHP100108,Chicago,Miami,1655.0,8316.0,LTL,DHL Express,13,0.23,0,3183.75
SHP100109,Los Angeles,Chicago,2368.0,344.0,LTL,UPS,4,0.28,0,3690.78
SHP100110,Los Angeles,Chicago,2223.0,8262.0,LTL,UPS,6,0.24,0,4002.88
SHP100111,Chicago,Miami,1606.0,11484.0,LTL,USPS,7,0.25,0,3384.56
SHP100112,Los Angeles,Miami,2194.0,9280.0,Air Freight,FedEx,7,0.24,0,8922.95
SHP100113,Atlanta,Los Angeles,2458.0,5380.0,LTL,USPS,7,0.16,0,4096.31
SHP100114,New York,Chicago,1922.0,4705.0,Truckload,FedEx,3,0.34,0,4659.63
SHP100115,New York,Atlanta,2098.0,1159.0,LTL,DHL Express,6,0.33,0,3365.64
SHP100116,Chicago,Los Angeles,2300.0,13510.0,LTL,FedEx,13,0.35,0,4539.38
SHP100117,Houston,New York,2065.0,3821.0,LTL,UPS,8,0.21,0,3457.52
SHP100118,Chicago,Miami,1694.0,8613.0,LTL,UPS,4,0.24,1,3656.21
SHP100119,Houston,Los Angeles,2299.0,6173.0,Truckload,FedEx,13,0.34,0,5515.42
SHP100120,New York,Los Angeles,2358.0,7697.0,LTL,FedEx,8,0.33,0,4203.29
SHP100121,Chicago,New York,2028.0,13155.0,Truckload,FedEx,2,0.3,0,5897.16
SHP100122,Miami,Atlanta,1538.0,1224.0,LTL,USPS,10,0.26,1,2775.67
SHP100123,Atlanta,Houston,1900.0,1214.0,LTL,FedEx,9,0.42,1,3427.53
SHP100124,Los Angeles,Miami,2189.0,9334.0,LTL,DHL Express,9,0.25,1,4387.53
SHP100125,Houston,Atlanta,1949.0,9525.0,Truckload,USPS,8,0.29,0,5236.74
SHP100126,Miami,Atlanta,1561.0,10253.0,Truckload,USPS,10,0.35,0,4579.05
SHP100127,Los Angeles,Miami,2184.0,9087.0,LTL,FedEx,13,0.31,0,4010.91
SHP100128,Los Angeles,Miami,-999.0,10233.0,LTL,DHL Express,10,0.25,0,4145.83
SHP100129,Chicago,Atlanta,1862.0,8762.0,Truckload,USPS,1,0.28,1,5518.44
SHP100130,Los Angeles,Atlanta,2251.0,4516.0,LTL,UPS,2,0.39,0,3849.05
SHP100131,Atlanta,Miami,1624.0,5588.0,LTL,USPS,6,0.23,0,2860.71
SHP100132,Miami,New York,1651.0,12438.0,Air Freight,FedEx,10,0.19,0,7677.04
SHP100133,Los Angeles,Houston,2373.0,12998.0,Truckload,DHL Express,5,0.24,1,7032.88
SHP100134,Chicago,Houston,1834.0,14019.0,LTL,FedEx,12,0.4,0,3997.49
SHP100135,Atlanta,Los Angeles,2236.0,7161.0,Air Freight,UPS,9,0.18,0,8662.4
SHP100136,New York,Atlanta,-999.0,8484.0,Truckload,UPS,5,0.45,0,5111.44
SHP100137,Miami,Houston,1535.0,2850.0,LTL,UPS,2,0.31,0,2669.01
SHP100138,Los Angeles,New York,2395.0,4657.0,Truckload,FedEx,10,0.45,0,5680.63
SHP100139,Chicago,Houston,1754.0,11138.0,Truckload,USPS,4,0.43,1,5509.23
SHP100140,New York,Houston,1922.0,10844.0,LTL,FedEx,9,0.29,0,3777.55
SHP100141,New York,Miami,1726.0,7312.0,LTL,DHL Express,1,0.21,0,3259.69
SHP100142,Houston,Atlanta,1884.0,10515.0,LTL,USPS,11,0.2,0,3739.64
SHP100143,Atlanta,Los Angeles,2338.0,1591.0,Truckload,UPS,1,0.22,0,5301.36
SHP100144,Los Angeles,New York,2416.0,14599.0,LTL,FedEx,12,0.36,1,5172.86
SHP100145,Chicago,Los Angeles,2283.0,2815.0,Air Freight,UPS,7,0.23,0,8069.1
SHP100146,Houston,Los Angeles,2379.0,10356.0,Truckload,UPS,11,0.25,0,6210.34
SHP100147,Atlanta,Houston,1909.0,4541.0,LTL,DHL Express,3,0.28,1,3731.77
SHP100148,Houston,New York,2002.0,12949.0,Truckload,USPS,10,0.42,0,5776.81
SHP100149,Miami,Atlanta,1671.0,3133.0,LTL,DHL Express,2,0.21,0,2814.79
SHP100150,Atlanta,New York,1974.0,5406.0,Truckload,DHL Express,9,0.15,0,4844.8
SHP100151,Atlanta,Chicago,1796.0,,Truckload,DHL Express,3,0.17,0,4125.92
SHP100152,Los Angeles,Chicago,2215.0,819.0,LTL,UPS,2,0.42,0,3455.1
SHP100153,Atlanta,Houston,1854.0,1472.0,LTL,DHL Express,12,0.34,0,2981.22
SHP100154,Houston,Los Angeles,-999.0,8648.0,LTL,DHL Express,8,0.23,0,4179.87
SHP100155,Atlanta,Houston,1799.0,,LTL,USPS,10,0.2,0,3043.5
SHP100156,Los Angeles,Atlanta,2262.0,1922.0,LTL,USPS,6,0.24,0,3598.67
SHP100157,Los Angeles,Atlanta,2275.0,,LTL,DHL Express,6,0.18,0,3890.56
SHP100158,Miami,Houston,1547.0,10936.0,Air Freight,USPS,10,0.43,1,8094.09
SHP100159,Houston,Miami,1739.0,2319.0,LTL,USPS,11,0.39,0,2825.61
SHP100160,New York,Miami,1691.0,5325.0,LTL,DHL Express,7,0.29,0,3070.69
SHP100161,New York,Los Angeles,2416.0,4799.0,Truckload,UPS,7,0.41,0,5656.12
SHP100162,Atlanta,Chicago,1731.0,6621.0,LTL,DHL Express,11,0.22,0,3226.57
SHP100163,Miami,Houston,1693.0,9423.0,Air Freight,USPS,13,0.37,0,7397.31
SHP100164,Chicago,Los Angeles,2359.0,5122.0,Truckload,UPS,6,0.41,0,5702.32
SHP100165,Atlanta,Chicago,1766.0,9681.0,Truckload,FedEx,4,0.26,0,4946.17
SHP100166,Miami,Los Angeles,2117.0,11295.0,LTL,UPS,11,0.38,0,4089.21
SHP100167,Houston,Miami,1592.0,14756.0,LTL,USPS,9,0.24,0,3705.99
SHP100168,Houston,Chicago,1753.0,5513.0,LTL,UPS,6,0.24,1,3570.7
SHP100169,Houston,Los Angeles,2321.0,11575.0,Air Freight,DHL Express,4,0.18,1,10616.09
SHP100170,Houston,Chicago,1941.0,7500.0,LTL,FedEx,12,0.28,0,3526.18
SHP100171,Houston,Miami,1554.0,11139.0,LTL,FedEx,3,0.37,0,3339.65
SHP100172,Miami,Atlanta,1682.0,11145.0,Air Freight,FedEx,4,0.43,0,7808.84
SHP100173,Miami,New York,-999.0,8470.0,LTL,USPS,3,0.33,0,3483.03
SHP100174,Los Angeles,Atlanta,2338.0,4009.0,LTL,USPS,2,0.41,0,4008.98
SHP100175,New York,Chicago,1966.0,14665.0,LTL,FedEx,5,0.4,1,4585.39
SHP100176,Houston,Chicago,1845.0,10135.0,Air Freight,UPS,2,0.2,0,7943.66
SHP100177,Chicago,Houston,1966.0,1363.0,LTL,FedEx,6,0.3,0,3155.01
SHP100178,Miami,Atlanta,1711.0,7897.0,Truckload,UPS,3,0.19,0,4584.33
SHP100179,Chicago,New York,1954.0,1120.0,Truckload,UPS,6,0.35,0,4354.69
SHP100180,Chicago,Miami,1728.0,9216.0,LTL,USPS,11,0.43,1,3757.29
SHP100181,Chicago,New York,1852.0,,Truckload,UPS,10,0.19,0,5106.84
SHP100182,Los Angeles,New York,2375.0,3335.0,LTL,FedEx,9,0.37,1,4289.94
SHP100183,Miami,Houston,1544.0,8999.0,LTL,USPS,1,0.34,0,3184.46
SHP100184,Chicago,New York,1924.0,3145.0,Truckload,DHL Express,6,0.33,0,4503.09
SHP100185,Houston,Miami,1705.0,370.0,Air Freight,DHL Express,9,0.27,1,6622.01
SHP100186,Atlanta,New York,2063.0,2371.0,Truckload,USPS,11,0.26,0,4660.12
SHP100187,Chicago,New York,2041.0,605.0,Truckload,FedEx,4,0.16,1,4891.68
SHP100188,Los Angeles,Houston,2445.0,4989.0,LTL,DHL Express,11,0.22,0,4109.42
SHP100189,Miami,Houston,1534.0,5482.0,LTL,DHL Express,12,0.15,0,2803.56
SHP100190,Los Angeles,Chicago,2363.0,1436.0,LTL,UPS,2,0.32,1,4164.55
SHP100191,Chicago,Los Angeles,2286.0,4813.0,LTL,UPS,13,0.18,0,3877.23
SHP100192,Miami,Los Angeles,2162.0,11289.0,LTL,FedEx,4,0.41,1,4569.16
SHP100193,Atlanta,New York,1873.0,10669.0,LTL,USPS,1,0.31,1,4163.28
SHP100194,Chicago,Los Angeles,2411.0,6904.0,LTL,FedEx,3,0.36,0,4212.48
SHP100195,Los Angeles,Houston,2244.0,14280.0,LTL,USPS,10,0.27,0,4581.52
SHP100196,New York,Los Angeles,2353.0,10246.0,Truckload,DHL Express,9,0.32,0,6137.49
SHP100197,Houston,Los Angeles,2237.0,10172.0,Air Freight,UPS,10,0.43,0,9289.46
SHP100198,Los Angeles,Chicago,2437.0,7687.0,LTL,FedEx,5,0.17,0,4320.21
SHP100199,Miami,Los Angeles,2177.0,4891.0,Air Freight,FedEx,11,0.23,0,7995.29
SHP100200,Chicago,Houston,1961.0,13012.0,Air Freight,USPS,6,0.38,0,8898.11
SHP100201,Houston,Atlanta,1745.0,10405.0,LTL,USPS,3,0.18,0,3525.66
SHP100202,Chicago,Houston,1788.0,14990.0,Truckload,FedEx,5,0.17,1,6024.83
SHP100203,Miami,Los Angeles,2178.0,13403.0,Truckload,USPS,11,0.26,1,6601.66
SHP100204,Chicago,New York,2092.0,3917.0,Truckload,FedEx,8,0.18,0,4818.79
SHP100205,New York,Atlanta,2031.0,10668.0,LTL,FedEx,6,0.33,0,3947.58
SHP100206,Houston,Miami,1696.0,3843.0,Truckload,FedEx,4,0.22,1,4624.5
SHP100207,Houston,Chicago,1873.0,7423.0,LTL,DHL Express,2,0.42,0,3559.87
SHP100208,Miami,Chicago,1504.0,2563.0,Truckload,USPS,9,0.39,0,3595.65
SHP100209,New York,Miami,1858.0,3853.0,Truckload,UPS,13,0.36,1,4965.13
SHP100210,Los Angeles,Houston,2435.0,2377.0,Truckload,UPS,12,0.34,0,5448.36
SHP100211,Chicago,Los Angeles,2220.0,,Truckload,USPS,1,0.41,0,5782.97
SHP100212,Atlanta,Houston,1922.0,2215.0,Truckload,FedEx,1,0.22,1,4891.72
SHP100213,Chicago,Los Angeles,2288.0,3358.0,LTL,UPS,13,0.41,1,4040.11
SHP100214,Chicago,Miami,1707.0,6502.0,LTL,UPS,4,0.39,0,3198.44
SHP100215,Los Angeles,Chicago,2324.0,8117.0,Air Freight,USPS,7,0.37,0,9308.0
SHP100216,Chicago,New York,1917.0,7692.0,LTL,UPS,1,0.32,0,3634.85
SHP100217,New York,Atlanta,1892.0,14485.0,LTL,FedEx,9,0.22,0,4114.29
SHP100218,New York,Chicago,1918.0,6454.0,LTL,USPS,4,0.28,0,3469.79
SHP100219,Houston,Chicago,1956.0,1042.0,LTL,FedEx,3,0.39,0,3193.13
SHP100220,Miami,Houston,1630.0,5474.0,Air Freight,UPS,1,0.16,1,7313.83
SHP100221,Atlanta,Houston,1867.0,9619.0,Truckload,UPS,10,0.38,0,5179.96
SHP100222,Chicago,Miami,1564.0,4431.0,Air Freight,FedEx,4,0.22,0,6150.83
SHP100223,Chicago,New York,2059.0,14713.0,Truckload,DHL Express,9,0.19,0,6059.65
SHP100224,Los Angeles,Chicago,2435.0,3224.0,LTL,UPS,13,0.18,0,3976.05
SHP100225,Miami,Atlanta,1592.0,14448.0,LTL,DHL Express,10,0.16,0,3587.54
SHP100226,New York,Houston,1890.0,4832.0,Truckload,UPS,6,0.31,0,4642.51
SHP100227,Atlanta,Los Angeles,2443.0,9547.0,LTL,DHL Express,6,0.22,0,4528.11
SHP100228,Houston,Los Angeles,2387.0,5610.0,Air Freight,DHL Express,1,0.45,0,9112.9
SHP100229,New York,Miami,1824.0,,Air Freight,DHL Express,10,0.32,0,7441.68
SHP100230,Miami,Chicago,1688.0,13075.0,LTL,FedEx,2,0.19,1,4118.04
SHP100231,Houston,Miami,1548.0,3128.0,Air Freight,DHL Express,11,0.36,0,5834.91
SHP100232,Los Angeles,Miami,2008.0,10928.0,Air Freight,DHL Express,6,0.42,0,8784.79
SHP100233,Los Angeles,Houston,2212.0,3033.0,Truckload,DHL Express,2,0.37,1,5671.68
SHP100234,Chicago,Los Angeles,2413.0,7309.0,LTL,UPS,3,0.17,1,4575.19
SHP100235,Miami,Chicago,1496.0,6104.0,LTL,DHL Express,4,0.42,0,2826.17
SHP100236,Atlanta,Los Angeles,2258.0,14232.0,Truckload,UPS,11,0.39,0,6431.34
SHP100237,Houston,New York,-999.0,2573.0,LTL,DHL Express,5,0.2,1,3358.9
SHP100238,New York,Los Angeles,2490.0,11824.0,LTL,DHL Express,9,0.17,1,5032.46
SHP100239,Miami,Houston,1590.0,,Truckload,FedEx,12,0.32,0,4543.75
SHP100240,Miami,Chicago,1665.0,10342.0,LTL,UPS,4,0.2,0,3399.46
SHP100241,Los Angeles,New York,2408.0,4631.0,Truckload,DHL Express,13,0.4,0,5568.46
SHP100242,Chicago,Houston,1731.0,,Air Freight,UPS,11,0.26,0,8021.46
SHP100243,Chicago,Atlanta,1962.0,5659.0,Air Freight,UPS,9,0.42,0,7675.22
SHP100244,Houston,Chicago,1856.0,2051.0,LTL,USPS,11,0.32,0,3078.68
SHP100245,Los Angeles,Miami,2168.0,1437.0,Air Freight,FedEx,10,0.2,1,8235.13
SHP100246,Miami,Los Angeles,2129.0,11425.0,LTL,FedEx,3,0.19,0,4134.45
SHP100247,Atlanta,New York,-999.0,6602.0,LTL,FedEx,8,0.32,0,3586.72
SHP100248,Los Angeles,New York,2349.0,1080.0,Truckload,USPS,12,0.38,0,5112.12
SHP100249,Houston,Los Angeles,2451.0,10007.0,LTL,USPS,1,0.38,0,4522.51
SHP100250,Houston,New York,1966.0,13005.0,LTL,FedEx,11,0.23,0,4098.24
SHP100251,Los Angeles,Atlanta,-999.0,1270.0,Truckload,USPS,9,0.21,0,5137.23
SHP100252,Houston,Chicago,1761.0,13172.0,LTL,USPS,9,0.16,0,3661.4
SHP100253,Los Angeles,Atlanta,2237.0,13213.0,LTL,USPS,10,0.35,0,4530.46
SHP100254,New York,Los Angeles,2406.0,12048.0,LTL,FedEx,2,0.17,1,4953.85
SHP100255,Los Angeles,Miami,1970.0,10656.0,Truckload,FedEx,4,0.28,0,5425.62
SHP100256,Los Angeles,Chicago,2397.0,13339.0,Truckload,FedEx,13,0.33,0,6491.84
SHP100257,Houston,Chicago,1785.0,12587.0,LTL,USPS,8,0.43,1,4219.55
SHP100258,Houston,Los Angeles,2244.0,6085.0,LTL,FedEx,7,0.24,0,3845.57
SHP100259,Chicago,Houston,1841.0,9860.0,LTL,USPS,1,0.22,0,3649.88
SHP100260,Chicago,Miami,1519.0,9505.0,LTL,DHL Express,5,0.35,1,3549.02
SHP100261,New York,Chicago,1903.0,6573.0,Truckload,USPS,7,0.34,0,4874.44
SHP100262,Chicago,Miami,1525.0,8124.0,LTL,UPS,4,0.25,0,3038.49
SHP100263,Los Angeles,Houston,2458.0,9113.0,LTL,FedEx,1,0.43,0,4447.57
SHP100264,Houston,Los Angeles,2392.0,884.0,Truckload,FedEx,9,0.4,1,5667.33
SHP100265,Chicago,New York,2066.0,11064.0,Truckload,UPS,5,0.22,0,5678.2
SHP100266,Chicago,Atlanta,1809.0,9160.0,Truckload,USPS,11,0.22,0,4857.37
SHP100267,New York,Los Angeles,2387.0,1774.0,LTL,DHL Express,2,0.3,0,3812.22
SHP100268,Miami,Los Angeles,2052.0,6648.0,LTL,UPS,8,0.38,0,3723.92
SHP100269,New York,Houston,1914.0,2463.0,LTL,UPS,11,0.16,0,3142.65
SHP100270,Los Angeles,Atlanta,2278.0,9555.0,LTL,USPS,13,0.36,0,4169.32
SHP100271,Houston,Atlanta,1857.0,6043.0,Truckload,FedEx,2,0.34,0,4836.58
SHP100272,New York,Miami,1660.0,4548.0,Air Freight,USPS,3,0.22,0,6524.18
SHP100273,Chicago,Miami,1511.0,,Truckload,UPS,10,0.35,0,3546.61
SHP100274,Houston,New York,2065.0,2618.0,Truckload,UPS,1,0.43,0,4857.6
SHP100275,Houston,New York,1956.0,13665.0,LTL,FedEx,11,0.16,1,4512.84
SHP100276,Chicago,New York,1958.0,9380.0,Truckload,FedEx,2,0.25,0,5226.56
SHP100277,New York,Miami,1725.0,259.0,LTL,FedEx,7,0.28,1,3032.83
SHP100278,Chicago,Houston,1830.0,9306.0,Truckload,USPS,10,0.42,1,5397.74
SHP100279,Miami,Atlanta,1670.0,4961.0,LTL,FedEx,2,0.44,0,3055.05
SHP100280,Houston,Los Angeles,2309.0,2270.0,LTL,UPS,6,0.28,0,3722.09
SHP100281,Atlanta,Houston,1893.0,283.0,LTL,UPS,3,0.38,1,3326.73
SHP100282,Atlanta,Miami,1557.0,842.0,Air Freight,DHL Express,4,0.31,0,5507.97
SHP100283,Los Angeles,Atlanta,2245.0,14245.0,LTL,USPS,11,0.31,1,4809.62
SHP100284,Chicago,Los Angeles,2389.0,13951.0,LTL,DHL Express,13,0.23,0,4727.94
SHP100285,Chicago,Los Angeles,2390.0,3160.0,LTL,UPS,8,0.22,0,3937.79
SHP100286,Los Angeles,Chicago,2419.0,,Truckload,DHL Express,3,0.24,0,5388.37
SHP100287,Los Angeles,Miami,2147.0,8576.0,Truckload,UPS,10,0.32,0,5568.32
SHP100288,Los Angeles,Atlanta,2417.0,9601.0,Truckload,DHL Express,6,0.16,1,6614.06
SHP100289,Houston,Los Angeles,2378.0,13977.0,LTL,FedEx,1,0.42,0,4815.83
SHP100290,Miami,New York,1755.0,5243.0,Truckload,DHL Express,7,0.2,0,4349.16
SHP100291,Chicago,Los Angeles,2231.0,1264.0,LTL,FedEx,8,0.22,1,3805.76
SHP100292,Houston,Los Angeles,2275.0,4469.0,Air Freight,FedEx,11,0.31,0,8354.98
SHP100293,Los Angeles,Atlanta,2230.0,7364.0,Truckload,USPS,8,0.36,0,5588.76
SHP100294,Chicago,Atlanta,1829.0,14128.0,LTL,FedEx,3,0.18,0,3970.5
SHP100295,Houston,Miami,-999.0,8525.0,LTL,FedEx,10,0.25,0,3117.6
SHP100296,Miami,Atlanta,1533.0,262.0,LTL,DHL Express,1,0.44,0,2458.94
SHP100297,Houston,Chicago,-999.0,1708.0,LTL,UPS,9,0.23,0,2942.17
SHP100298,Miami,New York,1656.0,12320.0,LTL,USPS,13,0.24,0,3470.34
SHP100299,Los Angeles,Miami,2008.0,14079.0,Truckload,FedEx,6,0.4,0,6013.94
SHP100300,Miami,Houston,1518.0,5074.0,LTL,USPS,11,0.17,0,2697.61
SHP100301,Chicago,Houston,1783.0,13089.0,LTL,DHL Express,9,0.29,0,3765.35
SHP100302,Los Angeles,Atlanta,2299.0,9659.0,LTL,FedEx,7,0.26,0,4229.25
SHP100303,Chicago,Los Angeles,2294.0,10628.0,LTL,DHL Express,1,0.24,0,4450.47
SHP100304,Atlanta,Houston,1746.0,5967.0,Air Freight,USPS,12,0.24,0,6948.41
SHP100305,New York,Chicago,1929.0,5191.0,LTL,DHL Express,12,0.18,0,3296.18
SHP100306,Miami,New York,1797.0,1844.0,Truckload,USPS,1,0.24,1,4664.42
SHP100307,New York,Houston,2008.0,6038.0,Air Freight,DHL Express,6,0.16,0,7811.64
SHP100308,New York,Chicago,2092.0,8346.0,Truckload,USPS,5,0.38,0,5474.49
SHP100309,Miami,New York,1682.0,13827.0,Air Freight,UPS,9,0.27,0,8133.43
SHP100310,Los Angeles,Houston,2432.0,5628.0,LTL,DHL Express,2,0.28,0,4138.92
SHP100311,Atlanta,Chicago,1935.0,5601.0,Air Freight,DHL Express,8,0.42,0,7600.43
SHP100312,Chicago,New York,1898.0,13107.0,LTL,UPS,11,0.35,0,3941.13
SHP100313,Houston,New York,1950.0,12135.0,LTL,UPS,5,0.15,0,4035.05
SHP100314,Chicago,Miami,1491.0,3895.0,Truckload,DHL Express,2,0.43,0,3722.25
SHP100315,Houston,Chicago,1973.0,11932.0,Air Freight,UPS,13,0.22,1,9516.83
SHP100316,Chicago,New York,2025.0,6956.0,Air Freight,FedEx,10,0.18,0,7978.2
SHP100317,Miami,Los Angeles,2207.0,14297.0,LTL,USPS,11,0.38,0,4528.37
SHP100318,Atlanta,Houston,1871.0,14365.0,LTL,USPS,11,0.3,1,4404.64
SHP100319,Houston,New York,1908.0,11534.0,Air Freight,USPS,12,0.28,0,8409.34
SHP100320,Los Angeles,New York,2426.0,428.0,LTL,FedEx,6,0.22,0,3754.83
SHP100321,Chicago,Miami,1588.0,3343.0,Truckload,UPS,10,0.31,0,3703.02
SHP100322,Chicago,Miami,1675.0,3379.0,Air Freight,UPS,8,0.23,0,6248.75
SHP100323,Houston,New York,1952.0,4858.0,LTL,DHL Express,4,0.42,0,3391.46
SHP100324,Los Angeles,Miami,2155.0,11680.0,LTL,UPS,2,0.21,0,4184.74
SHP100325,Los Angeles,Houston,2448.0,7987.0,LTL,DHL Express,12,0.42,0,4352.89
SHP100326,Miami,New York,-999.0,13710.0,LTL,FedEx,11,0.32,0,3865.76
SHP100327,Miami,Atlanta,1701.0,274.0,Air Freight,USPS,5,0.4,0,5957.03
SHP100328,Miami,New York,1611.0,14075.0,LTL,USPS,12,0.36,1,3984.79
SHP100329,Miami,Houston,1732.0,787.0,Air Freight,USPS,2,0.36,0,6100.04
SHP100330,Miami,Chicago,1530.0,285.0,LTL,UPS,2,0.25,0,2447.91
SHP100331,Miami,New York,1820.0,12520.0,Air Freight,DHL Express,6,0.22,0,8375.71
SHP100332,Atlanta,Chicago,1852.0,761.0,LTL,DHL Express,11,0.21,0,2925.4
SHP100333,Los Angeles,Miami,2198.0,6038.0,LTL,FedEx,10,0.41,1,4237.1
SHP100334,Miami,Chicago,1571.0,,LTL,UPS,9,0.4,0,3650.64
SHP100335,Los Angeles,New York,2473.0,1938.0,Truckload,FedEx,13,0.28,0,5394.27
SHP100336,Los Angeles,Atlanta,2341.0,12960.0,Truckload,DHL Express,4,0.19,0,6409.57
SHP100337,New York,Miami,1749.0,7223.0,Air Freight,DHL Express,6,0.26,0,7204.22
SHP100338,Atlanta,New York,1878.0,1309.0,LTL,USPS,7,0.34,0,2996.63
SHP100339,Miami,Atlanta,1624.0,5296.0,LTL,UPS,13,0.29,0,2933.54
SHP100340,Chicago,Houston,-999.0,7321.0,Truckload,DHL Express,11,0.38,0,4629.82
SHP100341,Houston,Chicago,1976.0,798.0,LTL,USPS,6,0.45,0,3136.74
SHP100342,Chicago,Houston,1741.0,,LTL,UPS,8,0.21,0,3655.42
SHP100343,Atlanta,New York,1948.0,3601.0,Air Freight,FedEx,4,0.29,1,8037.94
SHP100344,Houston,Atlanta,1862.0,14540.0,Air Freight,UPS,12,0.28,0,8796.8
SHP100345,Atlanta,Miami,1570.0,6450.0,Air Freight,UPS,1,0.24,0,6526.46
SHP100346,Los Angeles,Chicago,2459.0,14620.0,Truckload,DHL Express,7,0.21,0,6770.02
SHP100347,Houston,Miami,-999.0,6693.0,LTL,DHL Express,3,0.17,0,2985.91
SHP100348,Los Angeles,New York,2361.0,14674.0,LTL,UPS,6,0.42,0,4822.66
SHP100349,Chicago,Miami,1563.0,8751.0,Truckload,DHL Express,2,0.28,1,4885.77
SHP100350,Chicago,New York,2020.0,13913.0,Air Freight,DHL Express,9,0.3,0,9244.79
SHP100351,Houston,New York,1930.0,1873.0,LTL,DHL Express,1,0.43,1,3550.33
SHP100352,Houston,Miami,1558.0,6902.0,LTL,USPS,6,0.38,0,3030.69
SHP100353,Miami,Houston,1534.0,13122.0,LTL,USPS,6,0.19,0,3383.48
SHP100354,Atlanta,New York,1955.0,11183.0,Truckload,UPS,5,0.32,0,5530.61
SHP100355,Miami,New York,1746.0,14683.0,Air Freight,DHL Express,13,0.28,0,8514.88
SHP100356,Atlanta,Houston,1906.0,7827.0,Truckload,USPS,5,0.39,0,4979.16
SHP100357,Miami,Los Angeles,2130.0,4282.0,LTL,UPS,1,0.37,0,3612.99
SHP100358,Los Angeles,Chicago,2437.0,6569.0,Air Freight,DHL Express,10,0.36,1,10132.17
SHP100359,Houston,Los Angeles,2309.0,10376.0,Truckload,FedEx,12,0.25,1,6528.77
SHP100360,Chicago,Miami,1635.0,1827.0,LTL,DHL Express,5,0.39,0,2620.02
SHP100361,Atlanta,Houston,1738.0,1272.0,LTL,DHL Express,2,0.17,0,2732.87
SHP100362,Atlanta,Los Angeles,2271.0,7680.0,LTL,USPS,7,0.2,0,4051.13
SHP100363,Chicago,Los Angeles,2394.0,14822.0,LTL,UPS,3,0.25,0,4789.72
SHP100364,Miami,Atlanta,1518.0,13671.0,Air Freight,UPS,13,0.17,0,7491.71
SHP100365,Atlanta,Miami,1614.0,,LTL,USPS,4,0.22,0,3468.48
SHP100366,Los Angeles,Houston,-999.0,1827.0,Air Freight,DHL Express,3,0.4,0,8270.72
SHP100367,Houston,Los Angeles,2415.0,9546.0,LTL,FedEx,3,0.43,0,4473.36
SHP100368,Chicago,Atlanta,1882.0,7540.0,LTL,DHL Express,4,0.24,0,3558.36
SHP100369,Houston,Chicago,1872.0,4909.0,LTL,DHL Express,5,0.23,0,3342.41
SHP100370,Atlanta,Los Angeles,2343.0,8943.0,LTL,FedEx,1,0.23,0,4368.33
SHP100371,Atlanta,Los Angeles,2329.0,8168.0,LTL,USPS,4,0.23,0,4219.3
SHP100372,Chicago,Los Angeles,2379.0,3039.0,Air Freight,UPS,12,0.16,0,8303.93
SHP100373,Los Angeles,Miami,2126.0,8393.0,Truckload,USPS,12,0.43,0,5522.93
SHP100374,New York,Chicago,1928.0,1375.0,Truckload,USPS,11,0.21,0,4306.82
SHP100375,Chicago,Los Angeles,2302.0,9543.0,LTL,DHL Express,8,0.28,0,4263.69
SHP100376,New York,Atlanta,1853.0,11964.0,LTL,UPS,10,0.15,0,3852.48
SHP100377,Miami,Houston,1571.0,9953.0,LTL,UPS,7,0.41,0,3309.88
SHP100378,New York,Houston,2091.0,5177.0,Truckload,USPS,9,0.37,0,5100.73
SHP100379,Los Angeles,Houston,2394.0,9048.0,LTL,FedEx,5,0.43,0,4455.03
SHP100380,Miami,Houston,1666.0,12572.0,LTL,USPS,13,0.38,0,3597.46
SHP100381,New York,Houston,2021.0,2772.0,Truckload,FedEx,10,0.24,0,4508.12
SHP100382,Miami,Chicago,-999.0,4706.0,LTL,UPS,4,0.22,0,3022.02
SHP100383,New York,Houston,2057.0,1375.0,LTL,USPS,8,0.36,0,3328.52
SHP100384,Los Angeles,Miami,2044.0,4183.0,LTL,DHL Express,9,0.26,0,3419.1
SHP100385,New York,Houston,1863.0,9401.0,Air Freight,USPS,13,0.32,1,8685.29
SHP100386,New York,Los Angeles,2460.0,2919.0,Truckload,UPS,7,0.15,0,5476.71
SHP100387,New York,Chicago,2092.0,12758.0,LTL,DHL Express,7,0.17,1,4633.32
SHP100388,Chicago,Los Angeles,2323.0,1292.0,LTL,DHL Express,5,0.31,0,3734.38
SHP100389,Chicago,Los Angeles,2271.0,8589.0,Air Freight,FedEx,4,0.32,0,9143.18
SHP100390,Chicago,Miami,1595.0,1881.0,Truckload,DHL Express,10,0.38,0,3701.55
SHP100391,Los Angeles,Chicago,2273.0,1619.0,LTL,DHL Express,1,0.19,0,3577.75
SHP100392,Miami,Chicago,1591.0,12177.0,Air Freight,USPS,10,0.3,0,7598.11
SHP100393,Atlanta,Chicago,1902.0,7296.0,LTL,UPS,10,0.21,0,3506.52
SHP100394,New York,Chicago,1955.0,1968.0,Truckload,FedEx,7,0.18,0,4436.99
SHP100395,New York,Chicago,2059.0,6466.0,Truckload,USPS,1,0.27,0,5197.5
SHP100396,Los Angeles,Miami,2155.0,3282.0,LTL,DHL Express,1,0.2,0,3704.4
SHP100397,New York,Houston,1869.0,3808.0,Air Freight,DHL Express,5,0.22,0,6957.86
SHP100398,Chicago,Los Angeles,2267.0,6047.0,Truckload,FedEx,13,0.25,0,5391.3
SHP100399,Atlanta,Chicago,1841.0,2405.0,Truckload,UPS,9,0.23,0,4200.3
SHP100400,Houston,Los Angeles,2426.0,9639.0,LTL,FedEx,6,0.18,0,4374.26
SHP100401,New York,Houston,1906.0,11022.0,LTL,USPS,3,0.18,1,4099.3
SHP100402,Chicago,Los Angeles,2439.0,1874.0,LTL,FedEx,13,0.21,1,4118.41
SHP100403,Houston,Miami,1694.0,10733.0,Truckload,DHL Express,3,0.17,0,4836.02
SHP100404,Atlanta,Houston,1925.0,,LTL,USPS,7,0.34,0,3517.69
SHP100405,Houston,Atlanta,1848.0,4110.0,Truckload,DHL Express,6,0.24,1,4960.28
SHP100406,Chicago,Houston,1935.0,5374.0,Truckload,UPS,9,0.23,0,4718.56
SHP100407,Miami,New York,1706.0,454.0,LTL,DHL Express,6,0.25,0,2671.94
SHP100408,Miami,Houston,1581.0,1771.0,Truckload,DHL Express,5,0.35,1,4211.02
SHP100409,Houston,Los Angeles,2261.0,5366.0,LTL,FedEx,10,0.41,0,3855.25
SHP100410,Los Angeles,Miami,2006.0,11067.0,Air Freight,DHL Express,7,0.38,0,8755.23
SHP100411,Houston,Atlanta,1737.0,3895.0,LTL,USPS,1,0.37,0,3065.71
SHP100412,New York,Houston,1893.0,4260.0,LTL,USPS,12,0.3,0,3148.28
SHP100413,New York,Houston,1947.0,11434.0,LTL,UPS,7,0.36,1,4167.55
SHP100414,Miami,Chicago,1725.0,14014.0,LTL,USPS,3,0.32,0,3836.95
SHP100415,Los Angeles,Miami,2102.0,114.0,Truckload,FedEx,9,0.21,0,4507.77
SHP100416,Chicago,New York,1967.0,9541.0,Truckload,UPS,6,0.21,0,5381.29
SHP100417,New York,Los Angeles,2398.0,13162.0,Truckload,USPS,9,0.24,0,6563.4
SHP100418,Miami,Chicago,1648.0,,LTL,FedEx,13,0.42,0,3110.05
SHP100419,Atlanta,Chicago,1774.0,14687.0,LTL,USPS,5,0.31,0,3925.46
SHP100420,Miami,Houston,1626.0,9657.0,LTL,USPS,7,0.37,1,3682.64
SHP100421,New York,Houston,2083.0,11835.0,Truckload,DHL Express,13,0.25,0,5818.04
SHP100422,New York,Miami,1641.0,1018.0,Air Freight,USPS,4,0.27,0,5723.18
SHP100423,Miami,Chicago,1522.0,418.0,LTL,USPS,7,0.19,0,2411.95
SHP100424,Chicago,Miami,1615.0,8474.0,LTL,FedEx,13,0.2,0,3240.77
SHP100425,Houston,Chicago,1796.0,2292.0,Truckload,FedEx,1,0.4,1,4720.28
SHP100426,New York,Los Angeles,2359.0,5052.0,Air Freight,DHL Express,7,0.33,0,8886.84
SHP100427,Miami,Chicago,1603.0,3133.0,Truckload,USPS,8,0.25,0,3800.67
SHP100428,Miami,Houston,1693.0,8123.0,Air Freight,DHL Express,5,0.39,0,7275.48
SHP100429,Los Angeles,Houston,2238.0,9162.0,LTL,USPS,2,0.22,0,4163.57
SHP100430,Houston,New York,1980.0,8930.0,LTL,UPS,5,0.44,0,3698.61
SHP100431,Atlanta,Chicago,1947.0,12514.0,Air Freight,UPS,6,0.25,0,8734.83
SHP100432,Chicago,Miami,1674.0,14602.0,Truckload,DHL Express,12,0.25,0,5180.28
SHP100433,Atlanta,New York,1879.0,13372.0,LTL,DHL Express,2,0.24,1,4369.3
SHP100434,Houston,New York,1986.0,1519.0,Truckload,DHL Express,6,0.19,0,4462.15
SHP100435,Houston,Chicago,1883.0,4775.0,Air Freight,FedEx,6,0.18,1,7974.95
SHP100436,Houston,New York,1979.0,4309.0,Truckload,FedEx,1,0.34,0,4835.26
SHP100437,Atlanta,Miami,1551.0,3672.0,Truckload,FedEx,1,0.41,0,3870.21
SHP100438,Houston,New York,1852.0,10342.0,LTL,DHL Express,11,0.39,0,3739.85
SHP100439,Miami,Atlanta,1663.0,10507.0,Truckload,USPS,10,0.19,0,4746.27
SHP100440,Atlanta,Chicago,1797.0,12031.0,Truckload,UPS,3,0.31,0,5273.79
SHP100441,Houston,Los Angeles,2234.0,873.0,Air Freight,DHL Express,10,0.18,0,7567.36
SHP100442,Miami,New York,-999.0,3481.0,Air Freight,FedEx,10,0.16,0,6637.58
SHP100443,Los Angeles,Houston,2350.0,6578.0,Air Freight,FedEx,12,0.35,1,9757.27
SHP100444,Houston,Miami,1720.0,4201.0,LTL,DHL Express,3,0.31,0,3071.02
SHP100445,Atlanta,New York,1893.0,4263.0,Truckload,DHL Express,4,0.17,0,4498.9
SHP100446,New York,Atlanta,2012.0,7470.0,Truckload,FedEx,2,0.16,1,5602.35
SHP100447,Houston,Los Angeles,2264.0,9039.0,Truckload,USPS,9,0.45,0,5912.22
SHP100448,New York,Los Angeles,2544.0,829.0,Truckload,FedEx,10,0.16,0,5437.98
SHP100449,Miami,Los Angeles,2106.0,11092.0,Air Freight,FedEx,12,0.28,0,8971.11
SHP100450,Los Angeles,New York,2459.0,2942.0,LTL,DHL Express,11,0.3,0,3995.96
SHP100451,Chicago,New York,2038.0,5584.0,Truckload,USPS,7,0.19,0,4949.42
SHP100452,Los Angeles,Houston,2455.0,10135.0,LTL,FedEx,7,0.2,1,4866.54
SHP100453,Houston,Atlanta,-999.0,3356.0,LTL,FedEx,6,0.26,0,3069.95
SHP100454,New York,Atlanta,2021.0,2952.0,Truckload,UPS,3,0.38,0,4797.92
SHP100455,New York,Miami,1673.0,13045.0,Truckload,DHL Express,6,0.3,0,5179.99
SHP100456,Atlanta,New York,1880.0,13441.0,LTL,UPS,12,0.34,0,3946.58
SHP100457,New York,Houston,2085.0,3768.0,LTL,UPS,8,0.45,0,3580.07
SHP100458,Atlanta,Miami,1536.0,71.0,Truckload,FedEx,8,0.38,0,3343.73
SHP100459,Miami,Los Angeles,2099.0,1550.0,LTL,DHL Express,11,0.28,0,3277.74
SHP100460,Chicago,Los Angeles,2305.0,9084.0,LTL,USPS,13,0.28,0,4104.2
SHP100461,Houston,Atlanta,1939.0,10002.0,LTL,FedEx,9,0.34,0,3859.99
SHP100462,Atlanta,Chicago,1806.0,3691.0,LTL,USPS,1,0.35,0,3090.1
SHP100463,Chicago,Atlanta,1839.0,5262.0,LTL,USPS,1,0.3,0,3286.82
SHP100464,New York,Miami,1678.0,241.0,LTL,DHL Express,3,0.34,0,2614.42
SHP100465,New York,Chicago,-999.0,13356.0,LTL,UPS,3,0.16,0,4031.91
SHP100466,Chicago,Miami,1595.0,13464.0,Air Freight,DHL Express,10,0.28,1,8554.01
SHP100467,New York,Los Angeles,2373.0,8637.0,Truckload,USPS,8,0.23,0,5944.22
SHP100468,Miami,Chicago,1563.0,7224.0,Truckload,FedEx,10,0.19,0,4195.05
SHP100469,Miami,Atlanta,1545.0,5164.0,LTL,USPS,1,0.18,0,2769.85
SHP100470,Chicago,Los Angeles,2380.0,4712.0,LTL,FedEx,13,0.33,0,3941.28
SHP100471,Atlanta,Houston,1856.0,4376.0,Truckload,FedEx,2,0.31,1,4935.78
SHP100472,Atlanta,New York,2066.0,9115.0,LTL,DHL Express,2,0.23,0,3846.82
SHP100473,Chicago,Houston,-999.0,10863.0,LTL,USPS,3,0.29,1,4162.02
SHP100474,Atlanta,New York,2078.0,4385.0,Truckload,UPS,13,0.3,0,4824.06
SHP100475,Atlanta,New York,1879.0,8331.0,Truckload,USPS,6,0.21,0,4907.59
SHP100476,Miami,Los Angeles,2040.0,,LTL,USPS,1,0.35,1,4364.57
SHP100477,Atlanta,Miami,1687.0,8698.0,LTL,UPS,2,0.38,0,3333.53
SHP100478,Los Angeles,Miami,2087.0,10522.0,Truckload,DHL Express,13,0.39,0,5732.92
SHP100479,Houston,New York,1904.0,12691.0,LTL,USPS,13,0.33,0,4009.61
SHP100480,New York,Houston,1916.0,9246.0,Truckload,USPS,1,0.3,1,5662.98
SHP100481,Los Angeles,Houston,2350.0,13694.0,Truckload,FedEx,5,0.17,1,7041.9
SHP100482,Atlanta,Houston,1732.0,12776.0,Air Freight,USPS,13,0.24,0,8099.97
SHP100483,Miami,Atlanta,1515.0,5544.0,LTL,UPS,13,0.18,1,3084.38
SHP100484,Chicago,New York,1906.0,8586.0,Air Freight,FedEx,7,0.44,0,7970.58
SHP100485,Atlanta,Miami,1615.0,2761.0,Truckload,DHL Express,8,0.19,0,3794.33
SHP100486,Miami,Atlanta,1641.0,7645.0,LTL,FedEx,10,0.2,0,3123.27
SHP100487,Houston,Atlanta,1782.0,12994.0,LTL,UPS,1,0.42,0,3832.81
SHP100488,Atlanta,Chicago,1927.0,6323.0,Truckload,UPS,7,0.43,0,4921.29
SHP100489,Chicago,Atlanta,1772.0,6334.0,LTL,FedEx,13,0.38,0,3203.34
SHP100490,Miami,Chicago,1677.0,10704.0,LTL,DHL Express,5,0.15,0,3391.13
SHP100491,Miami,New York,1795.0,9358.0,LTL,FedEx,10,0.15,0,3486.3
SHP100492,Miami,Chicago,1538.0,8867.0,Air Freight,DHL Express,1,0.26,0,6917.58
SHP100493,Houston,Atlanta,1771.0,12621.0,Truckload,FedEx,3,0.19,0,5197.93
SHP100494,Atlanta,Miami,1693.0,10221.0,Truckload,UPS,7,0.16,0,4829.11
SHP100495,Houston,Chicago,1970.0,4044.0,LTL,USPS,10,0.29,0,3258.35
SHP100496,New York,Chicago,2077.0,1728.0,LTL,USPS,1,0.43,0,3354.87
SHP100497,New York,Houston,2043.0,8464.0,Truckload,DHL Express,7,0.25,0,5314.65
SHP100498,Atlanta,Miami,1500.0,793.0,LTL,DHL Express,5,0.35,1,2754.81
SHP100499,Houston,New York,1952.0,512.0,LTL,DHL Express,1,0.35,0,3060.93
SHP100500,Chicago,Atlanta,1827.0,1618.0,Truckload,UPS,1,0.23,0,4241.62
SHP100501,Miami,New York,1827.0,11589.0,Air Freight,FedEx,1,0.35,1,9072.5
SHP100502,Miami,Atlanta,1635.0,14043.0,Truckload,UPS,11,0.21,0,5193.52
SHP100503,Atlanta,Chicago,1814.0,13501.0,Truckload,USPS,9,0.19,1,5904.4
SHP100504,New York,Chicago,1949.0,14742.0,Air Freight,DHL Express,11,0.36,0,9183.44
SHP100505,New York,Miami,1713.0,1786.0,LTL,FedEx,13,0.18,0,2769.16
SHP100506,Miami,Chicago,1669.0,13384.0,Truckload,USPS,3,0.45,0,5315.92
SHP100507,Atlanta,Chicago,1775.0,12281.0,Air Freight,USPS,13,0.21,0,8058.39
SHP100508,Houston,Chicago,1773.0,7953.0,LTL,USPS,5,0.33,0,3347.67
SHP100509,New York,Atlanta,1871.0,12193.0,Truckload,UPS,11,0.27,0,5338.38
SHP100510,Houston,Atlanta,1910.0,7052.0,Truckload,DHL Express,10,0.19,0,4861.77
SHP100511,New York,Houston,2036.0,8906.0,Truckload,USPS,12,0.16,1,5713.69
SHP100512,New York,Los Angeles,2551.0,1406.0,Truckload,DHL Express,9,0.34,0,5579.21
SHP100513,Los Angeles,Miami,2083.0,1064.0,Air Freight,UPS,6,0.39,0,7343.84
SHP100514,New York,Miami,1844.0,10374.0,Truckload,USPS,12,0.4,0,5150.02
SHP100515,Chicago,Miami,1614.0,10910.0,LTL,UPS,9,0.29,0,3362.93
SHP100516,Atlanta,Los Angeles,2333.0,1104.0,Air Freight,UPS,8,0.38,1,8787.96
SHP100517,Atlanta,Houston,-999.0,1814.0,LTL,DHL Express,8,0.35,0,2916.1
SHP100518,Houston,Los Angeles,2217.0,14625.0,LTL,USPS,1,0.37,0,4566.49
SHP100519,New York,Miami,1707.0,6059.0,LTL,UPS,13,0.3,0,3187.96
SHP100520,Chicago,Los Angeles,2266.0,4508.0,LTL,USPS,9,0.34,0,3906.34
SHP100521,Houston,Chicago,1840.0,11111.0,LTL,DHL Express,6,0.39,1,4116.43
SHP100522,Los Angeles,Atlanta,2282.0,9654.0,Air Freight,UPS,9,0.27,0,9327.97
SHP100523,Houston,Atlanta,-999.0,,Truckload,DHL Express,3,0.39,0,4168.2
SHP100524,Houston,Los Angeles,2229.0,3420.0,Truckload,USPS,12,0.33,1,5665.58
SHP100525,New York,Atlanta,2081.0,6026.0,LTL,USPS,3,0.2,1,3988.26
SHP100526,Los Angeles,Miami,1994.0,1444.0,Air Freight,DHL Express,6,0.16,0,6925.71
SHP100527,Houston,Miami,1508.0,8340.0,Air Freight,FedEx,9,0.26,0,6564.25
SHP100528,Chicago,Houston,1734.0,14432.0,Truckload,UPS,7,0.31,0,5402.61
SHP100529,Chicago,Miami,-999.0,4120.0,LTL,USPS,13,0.4,0,2792.4
SHP100530,Atlanta,New York,2056.0,7032.0,LTL,USPS,3,0.19,1,4006.01
SHP100531,Los Angeles,Houston,2337.0,8663.0,LTL,UPS,3,0.39,0,4274.21
SHP100532,Los Angeles,New York,2401.0,5649.0,LTL,DHL Express,2,0.41,0,4094.74
SHP100533,Atlanta,Chicago,1940.0,3700.0,LTL,DHL Express,9,0.2,0,3213.55
SHP100534,Houston,New York,2064.0,12399.0,Air Freight,DHL Express,13,0.41,0,9158.58
SHP100535,Los Angeles,Chicago,2364.0,9374.0,LTL,FedEx,3,0.45,0,4369.71
SHP100536,Chicago,New York,1889.0,9944.0,LTL,FedEx,11,0.37,0,3690.03
SHP100537,Chicago,Los Angeles,2433.0,3670.0,LTL,USPS,5,0.39,0,3951.22
SHP100538,New York,Houston,1875.0,,LTL,DHL Express,9,0.45,0,3181.36
SHP100539,Los Angeles,Miami,1996.0,8839.0,LTL,UPS,8,0.33,0,3775.33
SHP100540,Houston,Miami,1679.0,441.0,LTL,USPS,2,0.24,0,2625.03
SHP100541,Atlanta,Chicago,1812.0,1125.0,LTL,UPS,3,0.4,0,2923.89
SHP100542,Atlanta,Chicago,1857.0,2700.0,Truckload,USPS,2,0.33,0,4368.62
SHP100543,Houston,Los Angeles,2387.0,13650.0,Air Freight,FedEx,8,0.32,0,10363.06
SHP100544,Miami,Houston,1659.0,14367.0,LTL,USPS,6,0.23,0,3654.48
SHP100545,New York,Los Angeles,2486.0,2434.0,LTL,FedEx,6,0.38,0,4076.67
SHP100546,Atlanta,Chicago,1896.0,859.0,Air Freight,USPS,12,0.17,0,6443.73
SHP100547,Los Angeles,Miami,2157.0,8097.0,LTL,DHL Express,9,0.43,0,3962.06
SHP100548,New York,Houston,2018.0,11551.0,LTL,UPS,8,0.25,1,4405.67
SHP100549,Los Angeles,New York,2362.0,5551.0,Air Freight,DHL Express,4,0.19,0,9040.16
SHP100550,Chicago,Houston,1940.0,11980.0,LTL,USPS,12,0.28,0,3861.4
SHP100551,New York,Los Angeles,2558.0,6945.0,Truckload,USPS,4,0.16,1,6707.62
SHP100552,Atlanta,New York,2060.0,1209.0,Truckload,USPS,9,0.36,0,4533.17
SHP100553,New York,Chicago,1946.0,,LTL,FedEx,1,0.42,0,3636.37
SHP100554,New York,Houston,1960.0,1581.0,LTL,UPS,13,0.4,0,3101.07
SHP100555,New York,Houston,1865.0,5531.0,Truckload,UPS,2,0.19,1,5093.97
SHP100556,Miami,Atlanta,1512.0,7598.0,LTL,USPS,2,0.19,0,2976.38
SHP100557,New York,Miami,1744.0,5026.0,LTL,USPS,13,0.39,0,3027.53
SHP100558,Los Angeles,Chicago,2235.0,5745.0,Truckload,FedEx,13,0.43,0,5462.5
SHP100559,Chicago,New York,1945.0,10924.0,Truckload,DHL Express,6,0.29,1,5913.51
SHP100560,Houston,Atlanta,1741.0,8495.0,LTL,DHL Express,4,0.3,0,3413.06
SHP100561,New York,Miami,1681.0,3598.0,Air Freight,UPS,13,0.25,0,6271.66
SHP100562,Atlanta,New York,1982.0,11427.0,LTL,FedEx,11,0.42,0,3950.54
SHP100563,New York,Houston,1955.0,6213.0,Air Freight,USPS,10,0.34,0,7712.48
SHP100564,Atlanta,Chicago,1949.0,6721.0,Truckload,UPS,13,0.24,0,4843.04
SHP100565,Los Angeles,Houston,2326.0,5314.0,Truckload,FedEx,3,0.24,0,5557.04
SHP100566,Atlanta,Los Angeles,2406.0,1281.0,LTL,DHL Express,3,0.42,1,4121.5
SHP100567,Houston,Atlanta,1906.0,2473.0,Air Freight,FedEx,3,0.15,0,6838.31
SHP100568,Chicago,Miami,1515.0,11817.0,LTL,DHL Express,6,0.25,0,3217.17
SHP100569,Atlanta,Chicago,1862.0,8121.0,Truckload,FedEx,8,0.32,0,4993.28
SHP100570,Atlanta,Los Angeles,-999.0,4311.0,LTL,UPS,11,0.19,0,3681.94
SHP100571,Chicago,New York,2056.0,9815.0,LTL,DHL Express,7,0.18,0,3969.75
SHP100572,Houston,New York,1862.0,2958.0,LTL,UPS,4,0.39,0,3192.64
SHP100573,New York,Atlanta,2005.0,4762.0,Air Freight,UPS,11,0.42,0,7569.99
SHP100574,Atlanta,New York,2010.0,6805.0,Air Freight,DHL Express,12,0.4,0,7934.6
SHP100575,Chicago,New York,1956.0,9867.0,LTL,DHL Express,4,0.42,0,3954.78
SHP100576,Los Angeles,Chicago,2232.0,12240.0,LTL,USPS,11,0.32,1,4803.39
SHP100577,Chicago,Miami,1586.0,3933.0,Truckload,USPS,10,0.39,1,4397.86
SHP100578,Los Angeles,Houston,2444.0,3565.0,LTL,USPS,11,0.27,0,3989.58
SHP100579,Houston,Los Angeles,2227.0,3453.0,LTL,UPS,11,0.35,0,3642.0
SHP100580,New York,Los Angeles,2571.0,4648.0,Truckload,UPS,11,0.45,0,6018.16
SHP100581,Chicago,Atlanta,1846.0,5058.0,Truckload,USPS,2,0.22,1,5029.2
SHP100582,Miami,Los Angeles,1999.0,6272.0,Air Freight,UPS,1,0.27,0,7827.03
SHP100583,Atlanta,Miami,1515.0,12922.0,LTL,UPS,9,0.29,1,3684.04
SHP100584,Houston,New York,1993.0,10200.0,LTL,DHL Express,12,0.19,0,3834.8
SHP100585,Chicago,Los Angeles,2414.0,4059.0,Truckload,DHL Express,12,0.17,1,5967.73
SHP100586,Atlanta,Miami,1528.0,2785.0,Truckload,UPS,2,0.4,1,4208.73
SHP100587,Chicago,Atlanta,1890.0,4541.0,Truckload,USPS,13,0.44,1,5029.13
SHP100588,Los Angeles,Miami,2123.0,13969.0,Truckload,FedEx,8,0.27,0,6068.61
SHP100589,Chicago,Atlanta,1905.0,,LTL,USPS,9,0.18,0,4079.08
SHP100590,Miami,Atlanta,1682.0,11416.0,Air Freight,FedEx,4,0.17,0,7746.73
SHP100591,Chicago,Miami,1730.0,8643.0,LTL,USPS,8,0.42,0,3393.51
SHP100592,Chicago,New York,2015.0,1024.0,LTL,DHL Express,9,0.29,0,3206.22
SHP100593,Miami,New York,1739.0,273.0,Truckload,UPS,10,0.25,0,3792.37
SHP100594,Houston,Miami,1602.0,4663.0,LTL,UPS,10,0.29,0,2919.04
SHP100595,Chicago,Miami,1623.0,6827.0,LTL,DHL Express,5,0.25,0,3053.82
SHP100596,Miami,Los Angeles,2015.0,8477.0,Air Freight,FedEx,13,0.3,0,8219.47
SHP100597,Atlanta,New York,-999.0,11740.0,LTL,FedEx,7,0.41,0,3831.2
SHP100598,Los Angeles,Houston,2375.0,4261.0,Truckload,FedEx,10,0.33,1,6001.58
SHP100599,Los Angeles,New York,2435.0,11476.0,LTL,DHL Express,4,0.36,0,4694.24
SHP100600,Chicago,Houston,1945.0,275.0,Truckload,FedEx,1,0.26,0,4313.45
SHP100601,Houston,Miami,1635.0,10519.0,LTL,DHL Express,3,0.37,0,3464.48
SHP100602,Houston,Miami,1644.0,8233.0,LTL,USPS,5,0.35,1,3506.7
SHP100603,Atlanta,Chicago,1898.0,4327.0,Air Freight,USPS,3,0.19,0,7245.51
SHP100604,Chicago,Houston,1801.0,1391.0,Truckload,DHL Express,12,0.32,0,3944.69
SHP100605,Los Angeles,Atlanta,2429.0,4086.0,LTL,UPS,13,0.23,0,4020.35
SHP100606,Houston,Chicago,1803.0,8451.0,LTL,USPS,11,0.39,0,3446.88
SHP100607,Chicago,Houston,1746.0,3777.0,Air Freight,FedEx,7,0.28,0,6642.31
SHP100608,Houston,Los Angeles,2456.0,13753.0,Truckload,DHL Express,12,0.45,1,7208.06
SHP100609,Miami,Chicago,1679.0,3978.0,Truckload,FedEx,9,0.18,1,4594.01
SHP100610,Houston,Miami,1646.0,14481.0,Truckload,FedEx,12,0.38,0,5129.73
SHP100611,Los Angeles,Houston,2395.0,13231.0,LTL,UPS,6,0.35,0,4691.15
SHP100612,New York,Miami,1679.0,14219.0,LTL,FedEx,13,0.38,0,3688.16
SHP100613,Atlanta,Chicago,1935.0,2853.0,Truckload,UPS,10,0.24,0,4375.84
SHP100614,Atlanta,Miami,1639.0,9351.0,LTL,USPS,1,0.3,0,3333.88
SHP100615,Los Angeles,New York,2575.0,6608.0,LTL,DHL Express,7,0.39,0,4536.66
SHP100616,Houston,Atlanta,1735.0,10268.0,Air Freight,FedEx,3,0.22,1,8625.63
SHP100617,Chicago,Houston,1755.0,443.0,Truckload,DHL Express,5,0.22,1,4343.24
SHP100618,Houston,Atlanta,1896.0,6889.0,Truckload,FedEx,10,0.32,0,4900.3
SHP100619,Los Angeles,Miami,2109.0,9085.0,Truckload,DHL Express,4,0.31,0,5578.03
SHP100620,Atlanta,Los Angeles,2308.0,9766.0,Truckload,FedEx,10,0.23,0,6005.88
SHP100621,Houston,Miami,1631.0,8845.0,LTL,FedEx,5,0.24,0,3230.15
SHP100622,Atlanta,New York,1871.0,631.0,LTL,FedEx,5,0.23,0,2943.21
SHP100623,Chicago,New York,1900.0,14380.0,LTL,FedEx,6,0.38,0,4125.59
SHP100624,Atlanta,Los Angeles,2360.0,10181.0,LTL,FedEx,10,0.35,1,4730.45
SHP100625,Atlanta,New York,2025.0,182.0,Truckload,FedEx,12,0.4,0,4365.65
SHP100626,New York,Los Angeles,2528.0,2888.0,LTL,FedEx,10,0.44,0,4082.01
SHP100627,New York,Houston,1953.0,3435.0,LTL,FedEx,13,0.29,0,3286.84
SHP100628,Miami,Atlanta,1667.0,3820.0,LTL,FedEx,13,0.17,0,2793.78
SHP100629,New York,Los Angeles,2418.0,2318.0,LTL,DHL Express,11,0.16,0,3816.22
SHP100630,Atlanta,Houston,1870.0,1025.0,LTL,UPS,6,0.24,0,3047.54
SHP100631,Los Angeles,New York,2542.0,7655.0,LTL,FedEx,8,0.43,0,4546.68
SHP100632,Atlanta,Miami,1722.0,7263.0,LTL,UPS,8,0.31,0,3310.65
SHP100633,Los Angeles,Miami,2107.0,10055.0,LTL,FedEx,11,0.23,0,4001.65
SHP100634,Los Angeles,Atlanta,2454.0,11505.0,LTL,FedEx,9,0.27,1,5002.14
SHP100635,New York,Los Angeles,2512.0,9785.0,Truckload,DHL Express,8,0.33,0,6486.78
SHP100636,Houston,Miami,1498.0,2885.0,LTL,USPS,13,0.35,0,2628.11
SHP100637,Chicago,Houston,1808.0,2788.0,LTL,USPS,11,0.2,0,2891.82
SHP100638,New York,Chicago,1901.0,9599.0,Truckload,DHL Express,2,0.44,0,5194.12
SHP100639,New York,Chicago,1979.0,4184.0,LTL,UPS,12,0.31,0,3415.19
SHP100640,Houston,Chicago,1882.0,9558.0,Air Freight,USPS,10,0.19,1,8746.93
SHP100641,Chicago,Los Angeles,2222.0,6883.0,Truckload,DHL Express,12,0.42,1,5984.93
SHP100642,Atlanta,Houston,1955.0,8403.0,LTL,DHL Express,11,0.17,0,3579.55
SHP100643,Miami,Atlanta,1540.0,1959.0,Truckload,USPS,1,0.42,0,3641.23
SHP100644,Miami,Los Angeles,-999.0,9369.0,LTL,UPS,10,0.45,0,4001.16
SHP100645,Atlanta,Los Angeles,2243.0,14546.0,Truckload,DHL Express,2,0.36,0,6573.34
SHP100646,New York,Los Angeles,2364.0,12112.0,LTL,FedEx,2,0.38,0,4611.75
SHP100647,Chicago,New York,2079.0,9900.0,Air Freight,UPS,12,0.25,0,8679.8
SHP100648,New York,Los Angeles,2460.0,11367.0,LTL,UPS,3,0.43,0,4723.82
SHP100649,Los Angeles,Atlanta,2443.0,2013.0,Truckload,USPS,10,0.31,0,5454.85
SHP100650,New York,Atlanta,1969.0,5203.0,Truckload,USPS,7,0.37,0,4886.97
SHP100651,New York,Miami,1796.0,10531.0,LTL,FedEx,2,0.43,1,4070.99
SHP100652,Atlanta,Miami,1559.0,1016.0,LTL,DHL Express,1,0.44,0,2546.44
SHP100653,Atlanta,Houston,1976.0,939.0,Truckload,USPS,6,0.4,0,4383.04
SHP100654,Atlanta,Houston,1905.0,,Air Freight,USPS,9,0.24,0,8999.8
SHP100655,Miami,Houston,1681.0,3111.0,LTL,UPS,3,0.44,0,2885.6
SHP100656,Los Angeles,New York,2570.0,6511.0,Truckload,USPS,6,0.34,0,6209.3
SHP100657,Atlanta,Houston,1876.0,6216.0,Air Freight,USPS,3,0.43,0,7582.6
SHP100658,Chicago,Houston,1796.0,11871.0,Air Freight,USPS,13,0.35,1,8964.87
SHP100659,Miami,Chicago,1699.0,7017.0,LTL,USPS,1,0.24,0,3137.91
SHP100660,Houston,Atlanta,-999.0,11431.0,Truckload,UPS,13,0.26,0,5223.2
SHP100661,Chicago,New York,-999.0,10990.0,LTL,FedEx,12,0.32,0,3809.58
SHP100662,Chicago,Los Angeles,2325.0,9908.0,Air Freight,FedEx,5,0.39,0,9638.99
SHP100663,Atlanta,Chicago,1933.0,11308.0,LTL,DHL Express,10,0.25,0,3892.45
SHP100664,Houston,New York,1982.0,8151.0,LTL,USPS,13,0.32,1,4097.34
SHP100665,Houston,Los Angeles,2276.0,7429.0,Truckload,UPS,11,0.25,0,5716.23
SHP100666,Miami,New York,1748.0,9683.0,LTL,DHL Express,4,0.39,0,3577.84
SHP100667,Houston,New York,1970.0,7330.0,Air Freight,DHL Express,7,0.29,0,8019.95
SHP100668,Los Angeles,Miami,-999.0,,Air Freight,FedEx,6,0.17,0,7129.47
SHP100669,Atlanta,Houston,1925.0,4273.0,Truckload,UPS,10,0.2,1,5073.77
SHP100670,Houston,Atlanta,1926.0,11165.0,LTL,UPS,7,0.17,1,4224.18
SHP100671,Miami,Los Angeles,2098.0,12495.0,Truckload,UPS,5,0.3,0,5950.32
SHP100672,Los Angeles,Houston,2300.0,12098.0,LTL,FedEx,4,0.18,0,4454.93
SHP100673,New York,Atlanta,1941.0,9068.0,LTL,FedEx,7,0.18,0,3709.11
SHP100674,New York,Miami,1672.0,14228.0,Air Freight,FedEx,7,0.43,0,8278.43
SHP100675,Los Angeles,Atlanta,2238.0,4657.0,LTL,FedEx,6,0.41,1,4131.23
SHP100676,Miami,Atlanta,-999.0,4035.0,LTL,FedEx,8,0.29,0,3012.42
SHP100677,Los Angeles,Houston,2221.0,10334.0,Air Freight,USPS,4,0.45,0,9390.26
SHP100678,Atlanta,Chicago,1806.0,3229.0,LTL,USPS,10,0.15,0,3099.21
SHP100679,Atlanta,Los Angeles,2250.0,14604.0,LTL,UPS,5,0.33,1,4898.67
SHP100680,New York,Houston,1979.0,4588.0,Air Freight,DHL Express,4,0.33,0,7526.64
SHP100681,Houston,New York,1886.0,12143.0,LTL,UPS,12,0.29,0,3855.61
SHP100682,Miami,New York,1782.0,2412.0,Truckload,DHL Express,1,0.27,0,4217.39
SHP100683,New York,Los Angeles,2537.0,2274.0,Air Freight,FedEx,12,0.29,1,9606.83
SHP100684,Houston,New York,2025.0,6421.0,Air Freight,DHL Express,8,0.27,0,7964.62
SHP100685,Houston,Miami,1513.0,1776.0,Truckload,UPS,1,0.37,0,3526.18
SHP100686,Atlanta,Houston,1828.0,10248.0,LTL,UPS,5,0.19,0,3581.38
SHP100687,Chicago,New York,1999.0,5841.0,LTL,DHL Express,6,0.21,0,3542.34
SHP100688,Chicago,Houston,1829.0,8123.0,Air Freight,USPS,6,0.2,0,7554.77
SHP100689,Los Angeles,Miami,2108.0,8508.0,Air Freight,FedEx,13,0.23,1,9256.19
SHP100690,Atlanta,Chicago,-999.0,7063.0,Truckload,FedEx,5,0.31,0,5086.68
SHP100691,Houston,Miami,1547.0,887.0,LTL,UPS,3,0.18,0,2440.91
SHP100692,Miami,Atlanta,1663.0,4634.0,LTL,USPS,5,0.41,0,3061.31
SHP100693,Chicago,Houston,1758.0,,LTL,DHL Express,12,0.24,0,3785.3
SHP100694,Houston,Atlanta,1892.0,,Truckload,FedEx,8,0.2,1,4552.48
SHP100695,Chicago,Los Angeles,2449.0,11603.0,LTL,USPS,2,0.35,0,4647.33
SHP100696,Chicago,Atlanta,1975.0,13333.0,Air Freight,FedEx,6,0.16,0,8878.4
SHP100697,Chicago,Houston,1872.0,406.0,Truckload,USPS,9,0.34,0,4052.62
SHP100698,Miami,Los Angeles,2029.0,12057.0,LTL,USPS,8,0.36,0,4123.1
SHP100699,Atlanta,Los Angeles,2304.0,,Truckload,UPS,11,0.21,0,5870.95
SHP100700,Miami,Chicago,1531.0,10215.0,LTL,FedEx,8,0.16,0,3199.89
SHP100701,New York,Atlanta,2082.0,14589.0,Truckload,DHL Express,8,0.26,0,6018.72
SHP100702,Houston,Atlanta,1772.0,4697.0,Truckload,UPS,13,0.18,0,4328.53
SHP100703,Atlanta,Miami,1697.0,10052.0,Air Freight,UPS,7,0.18,0,7489.8
SHP100704,Atlanta,Miami,1563.0,4468.0,Air Freight,DHL Express,8,0.23,0,6116.09
SHP100705,Atlanta,Miami,1666.0,10883.0,LTL,UPS,13,0.24,1,3765.16
SHP100706,Atlanta,Los Angeles,2401.0,10470.0,LTL,USPS,6,0.31,0,4443.83
SHP100707,Miami,Houston,1649.0,6692.0,Truckload,USPS,2,0.35,0,4339.09
SHP100708,Atlanta,Los Angeles,2273.0,3441.0,LTL,FedEx,2,0.33,0,3820.68
SHP100709,Los Angeles,Chicago,2452.0,12420.0,LTL,FedEx,8,0.19,0,4714.95
SHP100710,Houston,Miami,1491.0,10592.0,LTL,DHL Express,11,0.2,0,3191.56
SHP100711,Atlanta,Los Angeles,2361.0,4407.0,Truckload,FedEx,1,0.41,0,5618.82
SHP100712,Houston,Los Angeles,2424.0,4929.0,LTL,USPS,6,0.32,0,4099.55
SHP100713,Los Angeles,Chicago,2275.0,,Truckload,DHL Express,13,0.41,1,5865.71
SHP100714,Los Angeles,New York,2495.0,,Air Freight,DHL Express,6,0.26,0,10657.46
SHP100715,Houston,Atlanta,1760.0,,LTL,FedEx,11,0.33,0,2934.89
SHP100716,Chicago,Los Angeles,2324.0,13281.0,LTL,USPS,4,0.31,0,4712.17
SHP100717,New York,Miami,1841.0,10972.0,LTL,DHL Express,12,0.25,0,3718.12
SHP100718,Chicago,Houston,1755.0,9560.0,Air Freight,USPS,11,0.29,0,7686.73
SHP100719,Chicago,New York,1878.0,9777.0,LTL,USPS,13,0.3,0,3677.15
SHP100720,Miami,Chicago,1684.0,4834.0,LTL,USPS,11,0.21,0,2933.51
SHP100721,Chicago,Atlanta,1979.0,,LTL,FedEx,13,0.24,1,4212.62
SHP100722,Atlanta,New York,1927.0,10014.0,Truckload,UPS,10,0.39,0,5293.21
SHP100723,Miami,Houston,1514.0,11451.0,LTL,UPS,3,0.42,0,3288.12
SHP100724,Miami,Los Angeles,2017.0,13176.0,Truckload,DHL Express,13,0.26,1,6234.72
SHP100725,Los Angeles,Atlanta,2274.0,927.0,Air Freight,USPS,11,0.24,0,7722.55
SHP100726,Chicago,New York,2030.0,2920.0,LTL,FedEx,3,0.21,0,3426.35
SHP100727,Los Angeles,Chicago,2276.0,11442.0,Air Freight,USPS,13,0.35,1,10291.6
SHP100728,Houston,Miami,1735.0,12386.0,LTL,USPS,13,0.25,0,3695.89
SHP100729,New York,Miami,1699.0,11989.0,Air Freight,FedEx,1,0.45,1,8774.72
SHP100730,Miami,Los Angeles,2115.0,11078.0,Truckload,UPS,3,0.25,0,5731.44
SHP100731,Houston,New York,1986.0,342.0,Air Freight,USPS,4,0.27,0,6853.43
SHP100732,Houston,Atlanta,1767.0,9893.0,LTL,USPS,11,0.33,1,3897.53
SHP100733,Atlanta,Los Angeles,2296.0,12873.0,LTL,UPS,11,0.39,0,4588.49
SHP100734,New York,Miami,1758.0,12648.0,LTL,FedEx,5,0.29,0,3779.97
SHP100735,Houston,Atlanta,1978.0,8778.0,LTL,DHL Express,3,0.28,0,3854.03
SHP100736,Houston,Miami,1554.0,14264.0,LTL,UPS,6,0.45,1,3979.56
SHP100737,New York,Atlanta,-999.0,2736.0,LTL,DHL Express,11,0.15,1,3583.94
SHP100738,New York,Los Angeles,2356.0,283.0,LTL,DHL Express,12,0.42,0,3628.27
SHP100739,Houston,Los Angeles,2315.0,13570.0,LTL,UPS,5,0.19,0,4661.31
SHP100740,New York,Atlanta,1972.0,10894.0,Air Freight,USPS,3,0.39,1,9411.55
SHP100741,Houston,Chicago,1927.0,14479.0,LTL,DHL Express,6,0.34,0,4111.14
SHP100742,Houston,Chicago,1976.0,2424.0,LTL,DHL Express,6,0.25,0,3215.22
SHP100743,Atlanta,Houston,1773.0,2322.0,LTL,FedEx,8,0.41,0,2853.9
SHP100744,Chicago,Atlanta,1829.0,1016.0,LTL,USPS,2,0.15,0,2909.54
SHP100745,Houston,Atlanta,1757.0,939.0,Air Freight,DHL Express,1,0.22,0,6101.02
SHP100746,Los Angeles,Chicago,2382.0,3913.0,LTL,FedEx,4,0.32,0,3963.33
SHP100747,Miami,Chicago,1506.0,6204.0,Truckload,USPS,7,0.26,0,4024.77
SHP100748,Chicago,Atlanta,1856.0,3450.0,Air Freight,UPS,11,0.33,1,7630.58
SHP100749,Chicago,Miami,1612.0,8276.0,Air Freight,UPS,10,0.16,0,6964.73
SHP100750,Chicago,Miami,1657.0,4592.0,Truckload,FedEx,3,0.18,0,4051.69
SHP100751,Atlanta,New York,2099.0,3573.0,Air Freight,UPS,3,0.19,0,7758.86
SHP100752,Houston,Los Angeles,2453.0,1813.0,Air Freight,DHL Express,5,0.21,0,8541.94
SHP100753,Atlanta,Miami,1620.0,3341.0,Truckload,USPS,5,0.29,0,3841.77
SHP100754,Houston,Chicago,1805.0,2538.0,Truckload,DHL Express,13,0.38,0,4295.79
SHP100755,Atlanta,Miami,1720.0,10942.0,Truckload,DHL Express,10,0.42,0,4971.84
SHP100756,Atlanta,New York,2053.0,1608.0,Truckload,UPS,3,0.4,1,5099.2
SHP100757,Miami,New York,1803.0,,Truckload,DHL Express,9,0.21,0,4333.45
SHP100758,Los Angeles,Houston,2457.0,6171.0,LTL,UPS,4,0.28,0,4232.43
SHP100759,Atlanta,Miami,1535.0,2326.0,LTL,USPS,13,0.21,0,2533.1
SHP100760,Miami,Chicago,1703.0,12248.0,LTL,USPS,13,0.23,1,3934.81
SHP100761,New York,Chicago,2064.0,,LTL,DHL Express,3,0.3,0,3533.52
SHP100762,Los Angeles,Atlanta,2367.0,,LTL,FedEx,11,0.17,0,3681.89
SHP100763,Atlanta,Chicago,1798.0,,LTL,UPS,2,0.22,0,3379.26
SHP100764,Chicago,Houston,1866.0,9661.0,Truckload,UPS,10,0.43,0,5043.34
SHP100765,New York,Houston,1934.0,5459.0,LTL,DHL Express,13,0.29,0,3377.3
SHP100766,New York,Chicago,1860.0,9720.0,Air Freight,UPS,11,0.28,0,7869.78
SHP100767,Miami,Chicago,1558.0,12156.0,LTL,UPS,9,0.15,1,3732.5
SHP100768,New York,Atlanta,1948.0,11984.0,LTL,FedEx,4,0.22,1,4263.25
SHP100769,Los Angeles,Chicago,2300.0,13489.0,Truckload,FedEx,3,0.41,0,6490.92
SHP100770,Atlanta,Houston,1970.0,7919.0,Truckload,DHL Express,7,0.2,1,5652.16
SHP100771,Atlanta,Houston,1923.0,3006.0,LTL,FedEx,8,0.27,0,3150.14
SHP100772,Chicago,New York,2065.0,7760.0,Air Freight,DHL Express,11,0.15,0,8275.87
SHP100773,Miami,New York,1768.0,6067.0,Air Freight,USPS,2,0.29,0,7123.81
SHP100774,Chicago,Los Angeles,2370.0,9624.0,LTL,DHL Express,7,0.16,0,4432.31
SHP100775,New York,Atlanta,2016.0,10816.0,LTL,USPS,12,0.4,1,4292.05
SHP100776,Chicago,New York,1943.0,3434.0,Air Freight,DHL Express,5,0.4,0,7215.73
SHP100777,Los Angeles,New York,2503.0,14460.0,Truckload,UPS,11,0.39,0,6973.74
SHP100778,Atlanta,Chicago,1894.0,9811.0,Truckload,FedEx,5,0.24,0,5166.24
SHP100779,New York,Chicago,-999.0,10136.0,Air Freight,USPS,3,0.4,0,8484.23
SHP100780,Chicago,New York,2069.0,10485.0,LTL,DHL Express,5,0.31,0,4004.35
SHP100781,Miami,Atlanta,1677.0,10108.0,LTL,FedEx,12,0.26,0,3380.28
SHP100782,Los Angeles,Chicago,2240.0,78.0,LTL,DHL Express,2,0.34,0,3522.64
SHP100783,Los Angeles,Miami,1980.0,,Truckload,FedEx,4,0.15,1,5648.43
SHP100784,Chicago,Atlanta,1816.0,9262.0,Truckload,FedEx,6,0.19,1,5436.06
SHP100785,Atlanta,New York,1970.0,10305.0,Truckload,DHL Express,1,0.37,0,5487.98
SHP100786,Chicago,Los Angeles,2339.0,9688.0,LTL,USPS,10,0.22,1,4669.3
SHP100787,New York,Los Angeles,2561.0,7806.0,LTL,USPS,4,0.33,0,4592.87
SHP100788,Chicago,Los Angeles,2314.0,6998.0,LTL,UPS,6,0.27,0,4085.79
SHP100789,Los Angeles,New York,2356.0,11906.0,Truckload,FedEx,9,0.41,0,6369.65
SHP100790,Chicago,Los Angeles,2436.0,11229.0,Truckload,UPS,11,0.44,0,6485.58
SHP100791,Atlanta,New York,1851.0,5805.0,LTL,UPS,11,0.42,0,3331.82
SHP100792,Miami,Houston,1592.0,3652.0,Air Freight,DHL Express,13,0.23,0,5991.86
SHP100793,Houston,Chicago,1830.0,5112.0,LTL,DHL Express,2,0.21,0,3267.69
SHP100794,Chicago,Houston,1750.0,11927.0,Air Freight,DHL Express,11,0.29,0,7988.89
SHP100795,Atlanta,Miami,1547.0,8121.0,LTL,FedEx,7,0.15,0,3010.33
SHP100796,Atlanta,Los Angeles,2342.0,7294.0,Truckload,DHL Express,6,0.16,0,5760.23
SHP100797,Miami,Los Angeles,2149.0,6422.0,LTL,DHL Express,2,0.32,0,3894.7
SHP100798,Los Angeles,Chicago,2382.0,7155.0,Air Freight,FedEx,8,0.31,0,9091.31
SHP100799,Atlanta,Chicago,1814.0,11610.0,LTL,FedEx,7,0.45,0,3781.9
SHP100800,Atlanta,Chicago,1822.0,3631.0,LTL,USPS,11,0.21,0,3070.92
SHP100801,Atlanta,New York,1869.0,2812.0,LTL,DHL Express,5,0.23,0,3030.37
SHP100802,Atlanta,Houston,1790.0,12279.0,LTL,DHL Express,12,0.18,1,4067.76
SHP100803,New York,Los Angeles,2367.0,622.0,LTL,DHL Express,5,0.43,0,3714.32
SHP100804,New York,Atlanta,1997.0,7755.0,Air Freight,USPS,7,0.38,0,8182.04
SHP100805,Los Angeles,Atlanta,2451.0,13944.0,LTL,DHL Express,9,0.4,0,4735.14
SHP100806,Chicago,Houston,1754.0,12330.0,Truckload,USPS,11,0.42,1,5743.67
SHP100807,Atlanta,Los Angeles,2339.0,664.0,Truckload,UPS,9,0.31,0,5023.14
SHP100808,Miami,Houston,1610.0,4100.0,Truckload,USPS,9,0.29,0,3986.6
SHP100809,Chicago,Atlanta,1889.0,375.0,LTL,UPS,6,0.25,1,3322.4
SHP100810,Miami,New York,1635.0,3790.0,LTL,DHL Express,10,0.33,0,2800.5
SHP100811,Chicago,Los Angeles,2407.0,408.0,Truckload,UPS,6,0.29,0,5210.83
SHP100812,Los Angeles,Houston,2378.0,3827.0,Air Freight,USPS,3,0.29,0,8666.62
SHP100813,Atlanta,Chicago,1978.0,5956.0,LTL,FedEx,1,0.43,0,3482.37
SHP100814,Atlanta,Houston,1796.0,10613.0,LTL,UPS,7,0.45,0,3710.79
SHP100815,Houston,New York,2074.0,1771.0,LTL,UPS,4,0.39,0,3322.1
SHP100816,Miami,Los Angeles,1970.0,1399.0,Air Freight,DHL Express,1,0.38,0,6978.27
SHP100817,Chicago,Los Angeles,2260.0,3746.0,LTL,USPS,8,0.35,0,3738.54
SHP100818,Chicago,Atlanta,1734.0,3946.0,LTL,UPS,12,0.2,0,2972.23
SHP100819,New York,Atlanta,1862.0,4310.0,Air Freight,UPS,6,0.17,0,7034.56
SHP100820,Houston,Miami,1636.0,9838.0,LTL,UPS,6,0.36,0,3375.9
SHP100821,New York,Chicago,1989.0,9869.0,LTL,UPS,2,0.37,1,4177.29
SHP100822,New York,Miami,1657.0,6991.0,Truckload,FedEx,1,0.16,0,4361.09
SHP100823,New York,Houston,-999.0,,Air Freight,USPS,13,0.43,1,9418.3
SHP100824,Miami,New York,1666.0,13514.0,LTL,DHL Express,2,0.18,0,3758.22
SHP100825,Miami,Los Angeles,2084.0,3858.0,LTL,DHL Express,4,0.24,0,3503.32
SHP100826,Los Angeles,Atlanta,2244.0,5296.0,LTL,FedEx,2,0.35,0,3936.32
SHP100827,Los Angeles,Miami,2045.0,8434.0,LTL,USPS,1,0.2,0,3826.7
SHP100828,New York,Miami,1703.0,10916.0,Truckload,UPS,7,0.17,0,4866.52
SHP100829,Houston,Miami,1494.0,3895.0,LTL,FedEx,11,0.25,0,2611.8
SHP100830,Chicago,Houston,1955.0,2627.0,LTL,USPS,11,0.38,1,3558.33
SHP100831,Miami,Houston,1511.0,141.0,LTL,UPS,12,0.27,0,2373.39
SHP100832,Houston,New York,-999.0,4284.0,Truckload,FedEx,8,0.35,0,4756.23
SHP100833,Atlanta,New York,2054.0,8722.0,Truckload,USPS,6,0.32,0,5420.27
SHP100834,Miami,Los Angeles,2154.0,6642.0,Air Freight,DHL Express,4,0.16,1,9220.07
SHP100835,Miami,Atlanta,1664.0,13694.0,LTL,DHL Express,6,0.45,0,3674.9
SHP100836,Los Angeles,Chicago,2391.0,11158.0,Air Freight,USPS,3,0.16,0,9939.84
SHP100837,Chicago,Houston,1860.0,12677.0,Air Freight,DHL Express,12,0.44,0,8523.56
SHP100838,Chicago,Houston,1853.0,8178.0,LTL,USPS,8,0.31,0,3527.24
SHP100839,Atlanta,Houston,1782.0,,LTL,UPS,10,0.44,0,2845.75
SHP100840,Atlanta,New York,2061.0,2563.0,LTL,USPS,13,0.18,0,3347.33
SHP100841,Miami,Los Angeles,2128.0,8218.0,LTL,UPS,13,0.3,0,3846.14
SHP100842,New York,Houston,1918.0,6911.0,LTL,FedEx,2,0.2,0,3515.92
SHP100843,Los Angeles,Miami,2185.0,9040.0,LTL,USPS,5,0.17,0,4081.36
SHP100844,Los Angeles,Miami,-999.0,12812.0,LTL,FedEx,1,0.34,0,4150.87
SHP100845,Miami,Chicago,1735.0,14786.0,Air Freight,DHL Express,6,0.21,1,9358.86
SHP100846,Houston,Atlanta,1890.0,13800.0,LTL,UPS,2,0.33,0,4037.76
SHP100847,New York,Chicago,2049.0,12191.0,Air Freight,USPS,4,0.18,0,8956.0
SHP100848,Miami,Atlanta,1705.0,654.0,Truckload,FedEx,6,0.25,0,3779.51
SHP100849,New York,Los Angeles,2507.0,3029.0,Air Freight,UPS,10,0.38,0,8919.14
SHP100850,New York,Miami,1821.0,7190.0,Truckload,UPS,11,0.28,1,5199.62
SHP100851,New York,Atlanta,1865.0,7115.0,LTL,DHL Express,8,0.34,0,3496.05
SHP100852,Miami,Atlanta,1731.0,4966.0,Truckload,DHL Express,12,0.34,0,4324.96
SHP100853,Los Angeles,Atlanta,2325.0,6850.0,LTL,UPS,8,0.4,0,4122.65
SHP100854,Los Angeles,Atlanta,2285.0,647.0,LTL,UPS,11,0.25,1,3880.27
SHP100855,New York,Atlanta,2054.0,9774.0,Air Freight,USPS,6,0.36,0,8690.19
SHP100856,Houston,Atlanta,1838.0,7370.0,LTL,UPS,4,0.44,0,3552.6
SHP100857,Chicago,Atlanta,1963.0,8755.0,LTL,USPS,8,0.37,1,4014.19
SHP100858,Miami,New York,-999.0,5672.0,Truckload,UPS,13,0.3,0,4189.99
SHP100859,Chicago,New York,1938.0,1927.0,Air Freight,DHL Express,8,0.34,0,6915.9
SHP100860,Houston,Los Angeles,2383.0,12214.0,Truckload,USPS,10,0.37,0,6485.66
SHP100861,Miami,Chicago,1713.0,12085.0,LTL,FedEx,1,0.33,0,3623.68
SHP100862,New York,Atlanta,2065.0,1749.0,Truckload,DHL Express,4,0.16,0,4536.17
SHP100863,Los Angeles,New York,2441.0,9271.0,LTL,USPS,4,0.21,0,4460.19
SHP100864,Chicago,Miami,1536.0,12837.0,Truckload,USPS,7,0.39,1,5328.68
SHP100865,Atlanta,New York,2021.0,5830.0,Air Freight,FedEx,11,0.23,0,7850.3
SHP100866,Atlanta,Houston,1866.0,766.0,Truckload,USPS,7,0.37,0,4081.21
SHP100867,Houston,New York,2081.0,13479.0,Air Freight,UPS,13,0.26,0,9364.06
SHP100868,New York,Los Angeles,2571.0,13846.0,LTL,FedEx,11,0.31,0,5099.16
SHP100869,Chicago,Atlanta,1944.0,4136.0,Truckload,DHL Express,8,0.17,0,4594.15
SHP100870,New York,Los Angeles,2457.0,14986.0,Air Freight,DHL Express,11,0.2,0,10714.27
SHP100871,Chicago,Houston,1907.0,715.0,LTL,UPS,5,0.44,0,3017.04
SHP100872,Houston,Los Angeles,2286.0,7896.0,Air Freight,DHL Express,7,0.42,0,9120.47
SHP100873,Houston,New York,2037.0,6661.0,LTL,USPS,8,0.35,1,4041.9
SHP100874,Atlanta,Miami,1713.0,,Truckload,USPS,9,0.29,1,5339.38
SHP100875,New York,Atlanta,-999.0,14655.0,Air Freight,UPS,3,0.35,0,9770.55
SHP100876,Miami,Los Angeles,1984.0,1129.0,Truckload,DHL Express,3,0.34,0,4388.01
SHP100877,Atlanta,Miami,1525.0,8469.0,LTL,DHL Express,4,0.32,0,3004.51
SHP100878,New York,Los Angeles,-999.0,8390.0,Truckload,UPS,5,0.17,0,6429.18
SHP100879,Atlanta,Miami,1552.0,1119.0,Truckload,FedEx,10,0.34,0,3408.73
SHP100880,Miami,Chicago,1558.0,5313.0,Air Freight,DHL Express,1,0.38,0,6382.12
SHP100881,Los Angeles,Houston,2423.0,8001.0,LTL,FedEx,7,0.45,0,4498.73
SHP100882,Los Angeles,New York,2537.0,12969.0,LTL,DHL Express,9,0.15,0,4850.63
SHP100883,Los Angeles,Atlanta,2378.0,1413.0,Truckload,DHL Express,8,0.37,0,5192.76
SHP100884,Los Angeles,New York,2403.0,4558.0,LTL,DHL Express,5,0.32,0,4035.41
SHP100885,Chicago,Atlanta,1753.0,1805.0,Truckload,DHL Express,4,0.28,0,4018.86
SHP100886,Los Angeles,New York,2539.0,569.0,Truckload,USPS,12,0.19,0,5404.33
SHP100887,Miami,Atlanta,1538.0,5513.0,Air Freight,FedEx,7,0.27,0,6278.11
SHP100888,Houston,Miami,1635.0,14772.0,Truckload,FedEx,5,0.26,0,5174.55
SHP100889,Houston,Miami,1496.0,11786.0,Truckload,DHL Express,7,0.24,1,5151.05
SHP100890,Chicago,New York,1853.0,10564.0,LTL,DHL Express,12,0.37,0,3707.0
SHP100891,Los Angeles,Atlanta,2299.0,14738.0,LTL,FedEx,1,0.36,0,4762.3
SHP100892,Los Angeles,Miami,2166.0,7283.0,LTL,USPS,1,0.33,0,3906.07
SHP100893,Los Angeles,Chicago,2269.0,1152.0,LTL,UPS,10,0.43,1,3976.1
SHP100894,Atlanta,Houston,1784.0,647.0,Truckload,UPS,13,0.25,0,3871.42
SHP100895,New York,Los Angeles,2345.0,13997.0,Truckload,FedEx,3,0.22,0,6591.1
SHP100896,Atlanta,Chicago,1956.0,3323.0,Truckload,DHL Express,11,0.35,1,5021.87
SHP100897,New York,Houston,2067.0,12291.0,Air Freight,DHL Express,2,0.21,1,9882.48
SHP100898,Los Angeles,Chicago,2419.0,5831.0,Air Freight,USPS,2,0.24,1,9957.44
SHP100899,Los Angeles,Chicago,2238.0,10847.0,Air Freight,UPS,7,0.22,1,10148.13
SHP100900,Atlanta,Houston,1880.0,6306.0,Truckload,USPS,12,0.17,1,5147.85
SHP100901,Atlanta,New York,2094.0,,Truckload,UPS,10,0.4,0,5292.37
SHP100902,New York,Houston,1863.0,10430.0,LTL,FedEx,2,0.23,0,3753.2
SHP100903,Houston,Miami,1568.0,14262.0,LTL,UPS,11,0.29,0,3539.25
SHP100904,New York,Miami,-999.0,13067.0,LTL,USPS,4,0.16,0,3791.77
SHP100905,Atlanta,Chicago,1762.0,8830.0,Air Freight,USPS,2,0.36,0,7641.94
SHP100906,Miami,Houston,1642.0,,Air Freight,USPS,6,0.25,0,6688.0
SHP100907,Atlanta,Houston,1750.0,,LTL,FedEx,8,0.37,0,3672.42
SHP100908,Miami,Atlanta,1634.0,9649.0,LTL,UPS,10,0.27,0,3310.35
SHP100909,Chicago,Houston,1752.0,14207.0,Air Freight,UPS,4,0.21,0,8434.55
SHP100910,Atlanta,New York,1906.0,8052.0,LTL,USPS,5,0.3,0,3640.41
SHP100911,Chicago,Houston,1964.0,4896.0,LTL,UPS,4,0.19,0,3450.99
SHP100912,Houston,New York,2058.0,12964.0,Air Freight,DHL Express,3,0.28,0,9299.25
SHP100913,New York,Miami,1795.0,11632.0,LTL,DHL Express,5,0.25,0,3790.2
SHP100914,Miami,New York,1751.0,11682.0,LTL,DHL Express,9,0.42,0,3658.77
SHP100915,New York,Atlanta,1942.0,9871.0,Truckload,UPS,8,0.17,0,5278.61
SHP100916,Chicago,New York,1869.0,9236.0,Air Freight,FedEx,8,0.36,0,7961.75
SHP100917,Miami,Chicago,1647.0,13921.0,Truckload,FedEx,8,0.2,0,5222.92
SHP100918,New York,Miami,1628.0,4848.0,LTL,FedEx,12,0.25,0,2977.7
SHP100919,Atlanta,Houston,1910.0,6655.0,LTL,FedEx,8,0.27,0,3466.43
SHP100920,Los Angeles,Houston,2312.0,10301.0,LTL,DHL Express,7,0.42,1,4742.88
SHP100921,Chicago,Atlanta,1913.0,13517.0,Truckload,DHL Express,8,0.22,0,5674.06
SHP100922,New York,Chicago,1926.0,12814.0,Truckload,USPS,11,0.18,0,5521.73
SHP100923,Chicago,New York,2059.0,,LTL,UPS,8,0.25,0,3358.88
SHP100924,Chicago,Atlanta,1880.0,450.0,Air Freight,UPS,13,0.18,0,6381.93
SHP100925,Miami,Houston,1679.0,2905.0,LTL,FedEx,8,0.19,0,2818.48
SHP100926,Miami,Chicago,1727.0,10466.0,LTL,DHL Express,12,0.32,0,3503.66
SHP100927,Los Angeles,Houston,2242.0,3462.0,LTL,FedEx,10,0.17,0,3624.32
SHP100928,Atlanta,Miami,1720.0,106.0,LTL,USPS,7,0.16,0,2572.18
SHP100929,Chicago,Miami,1721.0,8072.0,Truckload,UPS,12,0.36,0,4635.12
SHP100930,New York,Atlanta,1867.0,,Truckload,UPS,1,0.26,0,4322.13
SHP100931,Houston,Miami,1562.0,4593.0,LTL,FedEx,4,0.19,0,2790.18
SHP100932,Chicago,New York,2010.0,4348.0,Truckload,USPS,13,0.23,1,5305.32
SHP100933,Chicago,New York,2009.0,3818.0,LTL,UPS,13,0.34,0,3339.81
SHP100934,Los Angeles,Atlanta,2398.0,5802.0,Truckload,USPS,4,0.23,0,5716.7
SHP100935,Atlanta,Houston,1911.0,4883.0,Air Freight,USPS,5,0.3,0,7359.47
SHP100936,Houston,Atlanta,1746.0,12539.0,LTL,FedEx,10,0.19,0,3669.1
SHP100937,Miami,Los Angeles,1988.0,1403.0,Truckload,DHL Express,6,0.33,0,4487.82
SHP100938,Miami,Atlanta,1708.0,10652.0,LTL,FedEx,4,0.24,0,3471.89
SHP100939,New York,Atlanta,1919.0,5037.0,LTL,DHL Express,2,0.34,1,3805.07
SHP100940,Houston,New York,2076.0,6647.0,LTL,USPS,6,0.39,0,3828.47
SHP100941,Miami,New York,1729.0,14741.0,Truckload,DHL Express,8,0.33,1,5895.5
SHP100942,New York,Chicago,1950.0,4361.0,Truckload,USPS,8,0.24,0,4724.37
SHP100943,Atlanta,Miami,1523.0,10844.0,LTL,UPS,7,0.23,1,3539.33
SHP100944,New York,Atlanta,1933.0,,Air Freight,UPS,6,0.25,0,7113.84
SHP100945,Miami,New York,1762.0,72.0,Truckload,UPS,2,0.2,0,3884.05
SHP100946,Los Angeles,Miami,2165.0,10444.0,Air Freight,FedEx,7,0.2,0,9124.35
SHP100947,Los Angeles,Chicago,2283.0,1259.0,Truckload,FedEx,11,0.39,0,5017.0
SHP100948,Los Angeles,Houston,2411.0,10538.0,Truckload,USPS,12,0.27,1,6633.24
SHP100949,Miami,Atlanta,1577.0,8990.0,LTL,UPS,5,0.28,0,3157.97
SHP100950,Los Angeles,Miami,2054.0,854.0,LTL,FedEx,6,0.33,0,3204.45
SHP100951,Houston,Los Angeles,2220.0,8375.0,Air Freight,UPS,10,0.33,0,8876.98
SHP100952,Atlanta,Miami,1580.0,4466.0,LTL,FedEx,8,0.17,0,2797.78
SHP100953,New York,Chicago,1993.0,10679.0,Air Freight,DHL Express,8,0.4,0,8636.32
SHP100954,New York,Chicago,2067.0,8675.0,Truckload,DHL Express,3,0.2,0,5375.5
SHP100955,Miami,Los Angeles,2158.0,5191.0,LTL,UPS,12,0.37,0,3660.73
SHP100956,Los Angeles,Atlanta,2431.0,5018.0,LTL,USPS,12,0.38,1,4410.19
SHP100957,Los Angeles,New York,2456.0,3721.0,LTL,FedEx,7,0.36,0,4096.35
SHP100958,Chicago,Atlanta,1842.0,11978.0,Air Freight,FedEx,1,0.32,0,8414.16
SHP100959,Atlanta,Miami,1569.0,7342.0,LTL,DHL Express,1,0.15,0,3014.24
SHP100960,Houston,New York,1856.0,7051.0,LTL,DHL Express,7,0.26,0,3401.73
SHP100961,New York,Houston,-999.0,12281.0,LTL,USPS,10,0.33,0,3867.98
SHP100962,Chicago,Houston,1956.0,2148.0,LTL,USPS,9,0.27,0,3187.57
SHP100963,Chicago,Los Angeles,2459.0,14561.0,LTL,USPS,7,0.41,0,4790.42
SHP100964,Miami,Chicago,1505.0,11159.0,LTL,UPS,10,0.24,0,3268.94
SHP100965,New York,Los Angeles,2497.0,8494.0,Air Freight,DHL Express,5,0.24,1,10675.61
SHP100966,Miami,Atlanta,1501.0,5111.0,LTL,UPS,8,0.23,0,2694.07
SHP100967,Houston,Chicago,1764.0,13076.0,LTL,DHL Express,2,0.25,0,3750.13
SHP100968,Chicago,Houston,1970.0,,LTL,DHL Express,9,0.32,1,4104.92
SHP100969,Chicago,Los Angeles,2230.0,3314.0,LTL,FedEx,6,0.36,1,4006.6
SHP100970,Atlanta,Houston,1907.0,5485.0,Air Freight,DHL Express,13,0.35,0,7399.77
SHP100971,Houston,Atlanta,1900.0,8543.0,Truckload,DHL Express,9,0.39,0,4982.42
SHP100972,Chicago,Miami,1717.0,6741.0,LTL,UPS,2,0.42,0,3202.62
SHP100973,Houston,Atlanta,1969.0,10219.0,Truckload,DHL Express,3,0.39,1,5999.06
SHP100974,New York,Los Angeles,2346.0,2813.0,LTL,UPS,12,0.16,1,4056.97
SHP100975,Los Angeles,New York,2361.0,4055.0,LTL,USPS,8,0.37,0,3987.8
SHP100976,Chicago,Atlanta,1770.0,14653.0,Air Freight,DHL Express,1,0.21,0,8652.62
SHP100977,Atlanta,New York,1983.0,3291.0,Truckload,DHL Express,10,0.19,0,4505.86
SHP100978,New York,Miami,1825.0,3107.0,Air Freight,UPS,7,0.34,0,6799.77
SHP100979,Houston,Chicago,1756.0,600.0,LTL,USPS,7,0.25,0,2753.9
SHP100980,Miami,Atlanta,1637.0,5624.0,Truckload,FedEx,13,0.17,0,4099.1
SHP100981,New York,Miami,1762.0,5461.0,LTL,USPS,1,0.19,1,3535.8
SHP100982,Chicago,Los Angeles,2275.0,1637.0,LTL,UPS,9,0.15,0,3586.07
SHP100983,Houston,Chicago,1866.0,10064.0,Air Freight,USPS,8,0.42,0,8182.45
SHP100984,Los Angeles,New York,2421.0,5970.0,LTL,UPS,4,0.16,0,4203.07
SHP100985,New York,Houston,2030.0,5310.0,Air Freight,UPS,10,0.21,0,7741.03
SHP100986,Chicago,Los Angeles,2270.0,11459.0,Truckload,FedEx,11,0.27,0,6038.2
SHP100987,Atlanta,New York,-999.0,11738.0,LTL,DHL Express,5,0.26,0,4016.48
SHP100988,Miami,New York,1612.0,4459.0,Truckload,UPS,2,0.42,0,4217.81
SHP100989,Houston,Chicago,1941.0,12521.0,Truckload,UPS,13,0.16,1,6028.98
SHP100990,New York,Los Angeles,2527.0,5833.0,LTL,FedEx,9,0.3,0,4402.41
SHP100991,New York,Chicago,1952.0,762.0,Air Freight,UPS,12,0.35,0,6775.79
SHP100992,Los Angeles,Atlanta,2434.0,10417.0,Truckload,DHL Express,12,0.43,0,6365.01
SHP100993,Los Angeles,Houston,2264.0,5456.0,LTL,FedEx,6,0.34,0,3920.84
SHP100994,Atlanta,Chicago,1730.0,8040.0,Truckload,DHL Express,3,0.39,0,4708.93
SHP100995,Miami,Houston,1590.0,7470.0,Air Freight,DHL Express,12,0.18,0,6585.82
SHP100996,Atlanta,Chicago,1927.0,12314.0,LTL,FedEx,7,0.27,0,3949.08
SHP100997,Chicago,New York,1894.0,12091.0,Air Freight,UPS,9,0.26,0,8569.76
SHP100998,Chicago,Houston,1955.0,6893.0,LTL,DHL Express,3,0.42,0,3578.21
SHP100999,Atlanta,Miami,1664.0,2483.0,Truckload,DHL Express,2,0.2,0,3926.55
